subjid,age,ed,blk,hisp,marr,nodeg,earn74,earn75,earn78,region_note
  PSID_0001 ,47.0,12.0,0.0,0.0,0.0,0.0,$0.00,$0.00,$0.00,see codebook
  psid_0002  ,50.0,12.0,1.0,0.0,1.0,0.0,$0.00,$0.00,$0.00,see codebook
  psid_0003  ,44.0,12.0,0.0,0.0,0.0,0.0,$0.00,$0.00,$0.00,see codebook
  PSID_0004 ,28.0,12.0,1.0,0.0,1.0,0.0,$0.00,$0.00,$0.00,see codebook
  psid_0005  ,54.0,12.0,0.0,0.0,1.0,0.0,$0.00,$0.00,$0.00,see codebook
  psid_0006  ,55.0,12.0,0.0,1.0,1.0,0.0,$0.00,$0.00,$0.00,see codebook
  PSID_0007 ,47.0,12.0,0.0,0.0,1.0,0.0,$0.00,$0.00,$0.00,see codebook
  psid_0008  ,25.0,12.0,1.0,0.0,0.0,0.0,$0.00,$0.00,$0.00,see codebook
  psid_0009  ,44.0,12.0,0.0,0.0,1.0,0.0,$0.00,$0.00,$0.00,see codebook
  PSID_0010 ,50.0,12.0,1.0,0.0,1.0,0.0,$0.00,$0.00,$0.00,see codebook
  psid_0011  ,23.0,12.0,1.0,0.0,0.0,0.0,$0.00,$0.00,"$4,728.73",see codebook
  psid_0012  ,49.0,14.0,0.0,0.0,1.0,0.0,$0.00,$0.00,$0.00,see codebook
  PSID_0013 ,55.0,14.0,0.0,0.0,1.0,0.0,$0.00,$0.00,$0.00,see codebook
  psid_0014  ,34.0,14.0,1.0,0.0,1.0,0.0,$0.00,$0.00,$0.00,see codebook
  psid_0015  ,34.0,16.0,0.0,0.0,1.0,0.0,$0.00,$0.00,"$11,821.81",see codebook
  PSID_0016 ,55.0,13.0,0.0,1.0,1.0,0.0,$0.00,$0.00,$0.00,see codebook
  psid_0017  ,52.0,12.0,0.0,0.0,1.0,0.0,$0.00,$0.00,$0.00,see codebook
  psid_0018  ,52.0,15.0,0.0,0.0,1.0,0.0,$0.00,$0.00,$0.00,see codebook
  PSID_0019 ,30.0,16.0,0.0,0.0,1.0,0.0,$0.00,$0.00,$0.00,see codebook
  psid_0020  ,21.0,12.0,0.0,0.0,0.0,0.0,$0.00,$0.00,$0.00,see codebook
  psid_0021  ,30.0,17.0,0.0,0.0,0.0,0.0,$0.00,$0.00,$0.00,see codebook
  PSID_0022 ,44.0,12.0,0.0,0.0,1.0,0.0,$0.00,$0.00,$0.00,see codebook
  psid_0023  ,46.0,12.0,0.0,0.0,0.0,0.0,$0.00,$0.00,$0.00,see codebook
  psid_0024  ,53.0,17.0,0.0,0.0,1.0,0.0,$0.00,$0.00,$0.00,see codebook
  PSID_0025 ,26.0,16.0,0.0,0.0,0.0,0.0,$0.00,$0.00,"$9,014.13",see codebook
  psid_0026  ,49.0,12.0,0.0,0.0,1.0,0.0,$0.00,$0.00,"$13,299.54",see codebook
  psid_0027  ,39.0,15.0,0.0,0.0,1.0,0.0,$0.00,$0.00,"$1,921.04",see codebook
  PSID_0028 ,26.0,17.0,0.0,0.0,1.0,0.0,$0.00,$0.00,"$11,821.81",see codebook
  psid_0029  ,32.0,16.0,0.0,0.0,1.0,0.0,$0.00,$0.00,$0.00,see codebook
  psid_0030  ,34.0,12.0,0.0,0.0,1.0,0.0,$0.00,$0.00,$0.00,see codebook
  PSID_0031 ,31.0,14.0,0.0,0.0,1.0,0.0,$0.00,$0.00,$0.00,see codebook
  psid_0032  ,39.0,17.0,0.0,1.0,1.0,0.0,$0.00,$0.00,"$8,866.36",see codebook
  psid_0033  ,40.0,17.0,0.0,0.0,1.0,0.0,$0.00,$0.00,$0.00,see codebook
  PSID_0034 ,31.0,12.0,0.0,0.0,1.0,0.0,$0.00,$0.00,$0.00,see codebook
  psid_0035  ,27.0,13.0,0.0,0.0,1.0,0.0,$0.00,$0.00,"$28,076.80",see codebook
  psid_0036  ,48.0,12.0,0.0,0.0,1.0,0.0,$0.00,$0.00,$0.00,see codebook
  PSID_0037 ,41.0,13.0,0.0,0.0,1.0,0.0,$0.00,$0.00,$0.00,see codebook
  psid_0038  ,26.0,14.0,0.0,0.0,0.0,0.0,$0.00,$0.00,$0.00,see codebook
  psid_0039  ,50.0,17.0,0.0,0.0,0.0,0.0,$0.00,$0.00,$0.00,see codebook
  PSID_0040 ,48.0,12.0,0.0,0.0,1.0,0.0,$0.00,$0.00,"$12,930.11",see codebook
  psid_0041  ,45.0,16.0,0.0,0.0,1.0,0.0,$0.00,$0.00,$0.00,see codebook
  psid_0042  ,37.0,13.0,0.0,0.0,1.0,0.0,$0.00,$0.00,$0.00,see codebook
  PSID_0043 ,33.0,12.0,0.0,0.0,1.0,0.0,$0.00,$0.00,$0.00,see codebook
  psid_0044  ,31.0,12.0,0.0,0.0,1.0,0.0,$0.00,$0.00,$0.00,see codebook
  psid_0045  ,36.0,12.0,1.0,0.0,1.0,0.0,$0.00,$0.00,"$17,732.72",see codebook
  PSID_0046 ,44.0,13.0,0.0,0.0,1.0,0.0,$0.00,$0.00,$0.00,see codebook
  psid_0047  ,28.0,17.0,0.0,0.0,1.0,0.0,$0.00,$0.00,$0.00,see codebook
  psid_0048  ,30.0,17.0,0.0,0.0,1.0,0.0,$0.00,$0.00,$0.00,see codebook
  PSID_0049 ,42.0,16.0,0.0,0.0,1.0,0.0,$0.00,$0.00,$0.00,see codebook
  psid_0050  ,30.0,12.0,0.0,0.0,1.0,0.0,$0.00,$0.00,$0.00,see codebook
  psid_0051  ,27.0,16.0,0.0,0.0,1.0,0.0,$0.00,$0.00,$0.00,see codebook
  PSID_0052 ,37.0,12.0,0.0,0.0,1.0,0.0,$0.00,$0.00,$0.00,see codebook
  psid_0053  ,37.0,12.0,0.0,0.0,1.0,0.0,$0.00,$0.00,$0.00,see codebook
  psid_0054  ,45.0,12.0,0.0,0.0,1.0,0.0,$0.00,$0.00,"$22,165.90",see codebook
  PSID_0055 ,35.0,16.0,0.0,0.0,1.0,0.0,$0.00,$0.00,$0.00,see codebook
  psid_0056  ,37.0,17.0,0.0,0.0,1.0,0.0,$0.00,$0.00,"$66,497.70",see codebook
  psid_0057  ,27.0,17.0,0.0,0.0,1.0,0.0,$0.00,$0.00,$0.00,see codebook
  PSID_0058 ,47.0,14.0,0.0,0.0,1.0,0.0,$0.00,$0.00,$0.00,see codebook
  psid_0059  ,48.0,12.0,0.0,0.0,1.0,0.0,$0.00,$0.00,$0.00,see codebook
  psid_0060  ,42.0,12.0,0.0,0.0,1.0,0.0,$0.00,$0.00,$0.00,see codebook
  PSID_0061 ,43.0,12.0,0.0,0.0,1.0,0.0,$0.00,$0.00,$0.00,see codebook
  psid_0062  ,46.0,12.0,0.0,0.0,1.0,0.0,$0.00,$0.00,$0.00,see codebook
  psid_0063  ,46.0,12.0,0.0,0.0,1.0,0.0,$0.00,$0.00,$0.00,see codebook
  PSID_0064 ,46.0,12.0,0.0,0.0,1.0,0.0,$0.00,$0.00,$0.00,see codebook
  psid_0065  ,29.0,16.0,0.0,0.0,1.0,0.0,$0.00,$0.00,"$8,396.44",see codebook
  psid_0066  ,39.0,13.0,0.0,0.0,1.0,0.0,$0.00,$0.00,$0.00,see codebook
  PSID_0067 ,32.0,12.0,0.0,0.0,1.0,0.0,$0.00,$0.00,$0.00,see codebook
  psid_0068  ,48.0,16.0,0.0,0.0,1.0,0.0,$0.00,$0.00,$0.00,see codebook
  psid_0069  ,48.0,16.0,0.0,0.0,1.0,0.0,$0.00,$0.00,$0.00,see codebook
  PSID_0070 ,41.0,13.0,0.0,0.0,1.0,0.0,$0.00,$0.00,$0.00,see codebook
  psid_0071  ,42.0,13.0,0.0,0.0,1.0,0.0,$0.00,$0.00,$0.00,see codebook
  psid_0072  ,42.0,13.0,0.0,0.0,1.0,0.0,$0.00,$0.00,$0.00,see codebook
  PSID_0073 ,42.0,13.0,0.0,0.0,1.0,0.0,$0.00,$0.00,$0.00,see codebook
  psid_0074  ,54.0,13.0,0.0,0.0,1.0,0.0,$0.00,$0.00,$0.00,see codebook
  psid_0075  ,29.0,14.0,0.0,0.0,1.0,0.0,$0.00,$0.00,$0.00,see codebook
  PSID_0076 ,54.0,12.0,0.0,0.0,1.0,0.0,$0.00,$0.00,$0.00,see codebook
  psid_0077  ,54.0,12.0,0.0,0.0,1.0,0.0,$0.00,$0.00,$0.00,see codebook
  psid_0078  ,26.0,14.0,0.0,0.0,1.0,0.0,$0.00,$0.00,$0.00,see codebook
  PSID_0079 ,43.0,17.0,0.0,0.0,1.0,0.0,$0.00,$0.00,"$36,943.16",see codebook
  psid_0080  ,54.0,12.0,0.0,0.0,1.0,0.0,$0.00,$0.00,$0.00,see codebook
  psid_0081  ,37.0,12.0,0.0,0.0,1.0,0.0,$0.00,$0.00,$0.00,see codebook
  PSID_0082 ,54.0,16.0,0.0,0.0,1.0,0.0,$0.00,$0.00,$0.00,see codebook
  psid_0083  ,48.0,17.0,0.0,0.0,1.0,0.0,$0.00,$0.00,$0.00,see codebook
  psid_0084  ,44.0,12.0,0.0,0.0,1.0,0.0,$0.00,$0.00,$0.00,see codebook
  PSID_0085 ,54.0,12.0,0.0,0.0,1.0,0.0,$0.00,$0.00,$0.00,see codebook
  psid_0086  ,38.0,12.0,0.0,0.0,1.0,0.0,$0.00,$0.00,$0.00,see codebook
  psid_0087  ,37.0,13.0,0.0,0.0,1.0,0.0,$0.00,$0.00,$0.00,see codebook
  PSID_0088 ,27.0,17.0,0.0,0.0,1.0,0.0,$0.00,$0.00,$0.00,see codebook
  psid_0089  ,51.0,12.0,0.0,0.0,1.0,0.0,$0.00,$0.00,$0.00,see codebook
  psid_0090  ,39.0,12.0,0.0,0.0,1.0,0.0,$0.00,$0.00,$0.00,see codebook
  PSID_0091 ,55.0,14.0,0.0,0.0,1.0,0.0,$0.00,$0.00,$0.00,see codebook
  psid_0092  ,54.0,13.0,0.0,0.0,1.0,0.0,$0.00,$0.00,$0.00,see codebook
  psid_0093  ,54.0,13.0,0.0,0.0,1.0,0.0,$0.00,$0.00,$0.00,see codebook
  PSID_0094 ,34.0,12.0,0.0,0.0,1.0,0.0,$0.00,$0.00,$0.00,see codebook
  psid_0095  ,50.0,14.0,0.0,0.0,1.0,0.0,$0.00,$0.00,$0.00,see codebook
  psid_0096  ,50.0,12.0,0.0,0.0,1.0,0.0,$0.00,$0.00,$0.00,see codebook
  PSID_0097 ,21.0,14.0,0.0,1.0,0.0,0.0,$0.00,$71.61,"$3,657.37",see codebook
  psid_0098  ,26.0,12.0,0.0,0.0,1.0,0.0,$0.00,$71.61,$0.00,see codebook
  psid_0099  ,21.0,13.0,0.0,0.0,0.0,0.0,$0.00,$692.85,"$2,659.91",see codebook
  PSID_0100 ,23.0,16.0,0.0,0.0,1.0,0.0,$0.00,"$1,521.77",$0.00,see codebook
  psid_0101  ,21.0,15.0,0.0,0.0,0.0,0.0,$0.00,"$3,222.58","$14,777.27",see codebook
  psid_0102  ,23.0,14.0,0.0,0.0,0.0,0.0,$0.00,"$3,401.61","$5,319.82",see codebook
  PSID_0103 ,27.0,16.0,0.0,0.0,1.0,0.0,$0.00,"$4,833.87",$0.00,see codebook
  psid_0104  ,25.0,12.0,0.0,0.0,1.0,0.0,$0.00,"$5,729.03","$26,599.08",see codebook
  psid_0105  ,27.0,17.0,0.0,0.0,0.0,0.0,$0.00,"$6,087.10","$7,388.63",see codebook
  PSID_0106 ,55.0,12.0,0.0,0.0,1.0,0.0,$0.00,"$6,266.13","$10,344.09",see codebook
  psid_0107  ,20.0,12.0,0.0,0.0,1.0,0.0,$0.00,"$7,161.29",$0.00,see codebook
  psid_0108  ,18.0,12.0,0.0,0.0,1.0,0.0,$0.00,"$8,056.45","$19,210.45",see codebook
  PSID_0109 ,27.0,12.0,0.0,0.0,1.0,0.0,$0.00,"$8,235.48","$20,688.17",see codebook
  psid_0110  ,28.0,16.0,0.0,0.0,1.0,0.0,$0.00,"$8,951.61","$36,943.16",see codebook
  psid_0111  ,36.0,12.0,1.0,0.0,1.0,0.0,$0.00,"$8,951.61","$11,821.81",see codebook
  PSID_0112 ,33.0,13.0,1.0,0.0,1.0,0.0,$0.00,"$10,741.93","$20,688.17",see codebook
  psid_0113  ,36.0,12.0,0.0,0.0,1.0,0.0,$0.00,"$10,741.93",$0.00,see codebook
  psid_0114  ,27.0,13.0,0.0,0.0,1.0,0.0,$0.00,"$16,112.90","$29,554.53",see codebook
  PSID_0115 ,45.0,17.0,0.0,0.0,1.0,0.0,$0.00,"$16,112.90","$17,732.72",see codebook
  psid_0116  ,45.0,17.0,0.0,0.0,1.0,0.0,$0.00,"$16,112.90","$17,732.72",see codebook
  psid_0117  ,45.0,17.0,0.0,0.0,1.0,0.0,$0.00,"$16,112.90","$17,732.72",see codebook
  PSID_0118 ,31.0,12.0,0.0,0.0,1.0,0.0,$0.00,"$17,903.23",$0.00,see codebook
  psid_0119  ,34.0,12.0,0.0,0.0,1.0,0.0,$0.00,"$17,903.23","$63,542.24",see codebook
  psid_0120  ,34.0,12.0,0.0,0.0,1.0,0.0,$0.00,"$17,903.23","$63,542.24",see codebook
  PSID_0121 ,47.0,14.0,0.0,0.0,1.0,0.0,$0.00,"$17,903.23","$22,165.90",see codebook
  psid_0122  ,35.0,16.0,0.0,0.0,1.0,0.0,$0.00,"$19,693.55","$17,732.72",see codebook
  psid_0123  ,43.0,17.0,0.0,0.0,1.0,0.0,$0.00,"$21,161.61","$29,554.53",see codebook
  PSID_0124 ,25.0,12.0,1.0,0.0,1.0,0.0,$0.00,"$21,483.87","$1,220.60",see codebook
  psid_0125  ,29.0,15.0,0.0,0.0,0.0,0.0,$0.00,"$21,483.87","$22,313.67",see codebook
  psid_0126  ,31.0,12.0,0.0,0.0,1.0,0.0,$0.00,"$21,483.87","$20,688.17",see codebook
  PSID_0127 ,52.0,12.0,0.0,0.0,1.0,0.0,$0.00,"$21,483.87","$22,165.90",see codebook
  psid_0128  ,22.0,16.0,0.0,0.0,0.0,0.0,$0.00,"$22,558.06","$32,509.98",see codebook
  psid_0129  ,53.0,15.0,0.0,0.0,1.0,0.0,$0.00,"$24,169.36","$28,076.80",see codebook
  PSID_0130 ,29.0,17.0,0.0,0.0,1.0,0.0,$0.00,"$25,959.68","$36,898.83",see codebook
  psid_0131  ,31.0,13.0,0.0,0.0,1.0,0.0,$0.00,"$25,959.68","$39,898.62",see codebook
  psid_0132  ,35.0,12.0,0.0,0.0,1.0,0.0,$0.00,"$26,138.71","$29,554.53",see codebook
  PSID_0133 ,29.0,16.0,0.0,0.0,1.0,0.0,$0.00,"$26,854.84","$23,643.62",see codebook
  psid_0134  ,39.0,12.0,0.0,0.0,1.0,0.0,$0.00,"$28,645.16","$31,032.26",see codebook
  psid_0135  ,37.0,14.0,0.0,0.0,1.0,0.0,$0.00,"$32,225.81",$0.00,see codebook
  PSID_0136 ,30.0,14.0,0.0,0.0,1.0,0.0,$0.00,"$32,225.81","$22,165.90",see codebook
  psid_0137  ,43.0,17.0,0.0,0.0,1.0,0.0,$0.00,"$42,251.61","$41,376.34",see codebook
  psid_0138  ,32.0,17.0,0.0,0.0,1.0,0.0,$0.00,"$46,548.39","$39,898.62",see codebook
  PSID_0139 ,44.0,12.0,0.0,0.0,1.0,0.0,$0.00,"$71,612.91","$81,274.96",see codebook
  psid_0140  ,32.0,16.0,0.0,0.0,1.0,0.0,$577.98,"$6,910.65","$18,609.01",see codebook
  psid_0141  ,43.0,12.0,1.0,0.0,1.0,0.0,$715.13,"$1,879.84","$5,910.91",see codebook
  PSID_0142 ,24.0,12.0,1.0,0.0,0.0,0.0,$783.71,$0.00,"$10,344.09",see codebook
  psid_0143  ,22.0,13.0,0.0,0.0,0.0,0.0,$783.71,$0.00,"$2,305.25",see codebook
  psid_0144  ,35.0,15.0,0.0,0.0,1.0,0.0,$979.63,$537.10,$0.00,see codebook
  PSID_0145 ,26.0,15.0,0.0,0.0,0.0,0.0,$979.63,"$1,879.84","$3,251.00",see codebook
  psid_0146  ,29.0,17.0,0.0,0.0,1.0,0.0,$979.63,"$8,951.61",$0.00,see codebook
  psid_0147  ,23.0,12.0,1.0,0.0,0.0,0.0,"$1,077.60","$3,222.58","$5,910.91",see codebook
  PSID_0148 ,19.0,12.0,0.0,0.0,1.0,0.0,"$1,154.01","$8,593.55","$26,599.08",see codebook
  psid_0149  ,48.0,16.0,0.0,0.0,1.0,0.0,"$1,240.22","$1,466.27","$1,152.63",see codebook
  psid_0150  ,48.0,16.0,0.0,0.0,1.0,0.0,"$1,240.22","$1,466.27","$1,152.63",see codebook
  PSID_0151 ,22.0,12.0,1.0,0.0,1.0,0.0,"$1,269.60",$0.00,$0.00,see codebook
  psid_0152  ,20.0,12.0,1.0,0.0,0.0,0.0,"$1,367.57","$12,532.26","$2,955.45",see codebook
  psid_0153  ,24.0,17.0,0.0,0.0,1.0,0.0,"$1,371.49",$0.00,"$24,825.81",see codebook
  PSID_0154 ,27.0,16.0,0.0,0.0,1.0,0.0,"$1,469.45","$1,253.23","$4,363.73",see codebook
  psid_0155  ,21.0,14.0,0.0,0.0,0.0,0.0,"$1,506.68","$2,685.48","$11,082.95",see codebook
  psid_0156  ,53.0,13.0,0.0,0.0,1.0,0.0,"$1,567.41","$3,938.71","$4,728.73",see codebook
  PSID_0157 ,53.0,13.0,0.0,0.0,1.0,0.0,"$1,567.41","$3,938.71","$4,728.73",see codebook
  psid_0158  ,53.0,16.0,0.0,0.0,1.0,0.0,"$1,665.38",$0.00,"$2,955.45",see codebook
  psid_0159  ,22.0,15.0,0.0,0.0,1.0,0.0,"$1,763.34","$5,370.97","$22,165.90",see codebook
  PSID_0160 ,21.0,15.0,0.0,0.0,0.0,0.0,"$1,763.34","$9,667.74","$4,137.63",see codebook
  psid_0161  ,30.0,12.0,0.0,0.0,1.0,0.0,"$1,959.27","$1,790.32","$1,477.73",see codebook
  psid_0162  ,21.0,12.0,1.0,0.0,0.0,0.0,"$1,959.27","$5,460.48","$1,152.63",see codebook
  PSID_0163 ,27.0,16.0,0.0,0.0,1.0,0.0,"$1,959.27","$17,545.16","$21,427.04",see codebook
  psid_0164  ,22.0,15.0,0.0,0.0,0.0,0.0,"$1,967.10","$2,864.52","$5,024.27",see codebook
  psid_0165  ,22.0,12.0,1.0,0.0,1.0,0.0,"$2,006.29","$2,470.65",$0.00,see codebook
  PSID_0166 ,23.0,13.0,0.0,0.0,1.0,0.0,"$2,155.19","$5,370.97","$11,378.50",see codebook
  psid_0167  ,33.0,12.0,0.0,0.0,1.0,0.0,"$2,351.12",$0.00,"$2,770.74",see codebook
  psid_0168  ,24.0,13.0,0.0,0.0,0.0,0.0,"$2,351.12","$3,127.69","$14,777.27",see codebook
  PSID_0169 ,20.0,12.0,1.0,0.0,0.0,0.0,"$2,351.12","$4,475.81","$17,732.72",see codebook
  psid_0170  ,22.0,16.0,0.0,0.0,0.0,0.0,"$2,351.12","$23,274.19","$25,860.21",see codebook
  psid_0171  ,19.0,12.0,0.0,0.0,1.0,0.0,"$2,547.05","$10,741.93",$0.00,see codebook
  PSID_0172 ,22.0,15.0,0.0,0.0,1.0,0.0,"$2,547.05","$17,187.10","$25,860.21",see codebook
  psid_0173  ,43.0,14.0,0.0,0.0,1.0,0.0,"$2,645.01",$0.00,"$6,992.60",see codebook
  psid_0174  ,39.0,12.0,0.0,0.0,1.0,0.0,"$2,742.97","$7,161.29","$11,821.81",see codebook
  PSID_0175 ,28.0,12.0,1.0,0.0,0.0,0.0,"$2,938.90","$2,864.52",$0.00,see codebook
  psid_0176  ,19.0,14.0,0.0,0.0,0.0,0.0,"$2,938.90","$3,222.58",$0.00,see codebook
  psid_0177  ,26.0,17.0,0.0,0.0,1.0,0.0,"$2,938.90","$12,532.26","$23,643.62",see codebook
  PSID_0178 ,18.0,12.0,0.0,0.0,1.0,0.0,"$3,134.83","$11,100.00","$20,688.17",see codebook
  psid_0179  ,23.0,15.0,0.0,0.0,1.0,0.0,"$3,320.96","$2,506.45","$9,974.65",see codebook
  psid_0180  ,24.0,12.0,1.0,0.0,0.0,0.0,"$3,330.75","$4,654.84","$11,821.81",see codebook
  PSID_0181 ,27.0,12.0,0.0,0.0,1.0,0.0,"$3,526.68",$0.00,"$5,910.91",see codebook
  psid_0182  ,29.0,17.0,0.0,0.0,1.0,0.0,"$3,526.68","$15,217.74","$24,382.49",see codebook
  psid_0183  ,22.0,12.0,1.0,0.0,0.0,0.0,"$3,579.58","$17,133.39","$11,821.81",see codebook
  PSID_0184 ,27.0,12.0,0.0,0.0,1.0,0.0,"$3,722.61",$254.23,"$1,090.56",see codebook
  psid_0185  ,27.0,15.0,0.0,0.0,1.0,0.0,"$3,722.61","$4,654.84","$19,210.45",see codebook
  psid_0186  ,20.0,12.0,1.0,0.0,0.0,0.0,"$3,730.44","$8,951.61","$13,299.54",see codebook
  PSID_0187 ,27.0,12.0,1.0,0.0,1.0,0.0,"$3,918.53","$1,994.42","$17,732.72",see codebook
  psid_0188  ,23.0,12.0,1.0,0.0,1.0,0.0,"$3,918.53","$2,864.52","$8,866.36",see codebook
  psid_0189  ,23.0,12.0,1.0,0.0,1.0,0.0,"$3,918.53","$11,637.10","$9,753.00",see codebook
  PSID_0190 ,22.0,12.0,0.0,0.0,1.0,0.0,"$3,918.53","$15,396.77","$39,898.62",see codebook
  psid_0191  ,31.0,12.0,1.0,0.0,1.0,0.0,"$3,918.53","$18,440.32","$24,973.58",see codebook
  psid_0192  ,26.0,17.0,0.0,0.0,0.0,0.0,"$4,173.24","$11,637.10","$9,457.45",see codebook
  PSID_0193 ,20.0,12.0,0.0,0.0,1.0,0.0,"$4,310.39",$0.00,"$4,433.18",see codebook
  psid_0194  ,30.0,17.0,0.0,0.0,1.0,0.0,"$4,310.39","$4,296.77","$22,476.22",see codebook
  psid_0195  ,42.0,16.0,0.0,0.0,0.0,0.0,"$4,398.55","$17,903.23","$16,254.99",see codebook
  PSID_0196 ,21.0,14.0,0.0,0.0,1.0,0.0,"$4,506.31","$9,309.68","$23,052.54",see codebook
  psid_0197  ,25.0,16.0,0.0,0.0,1.0,0.0,"$4,604.28","$2,954.03",$0.00,see codebook
  psid_0198  ,27.0,15.0,0.0,0.0,1.0,0.0,"$4,702.24",$0.00,$0.00,see codebook
  PSID_0199 ,26.0,17.0,0.0,0.0,1.0,0.0,"$4,702.24","$19,693.55","$26,599.08",see codebook
  psid_0200  ,29.0,16.0,0.0,0.0,1.0,0.0,"$4,800.20","$17,187.10","$23,643.62",see codebook
  psid_0201  ,20.0,12.0,0.0,0.0,0.0,0.0,"$4,811.96",$716.13,$0.00,see codebook
  PSID_0202 ,52.0,12.0,0.0,0.0,1.0,0.0,"$4,898.17",$0.00,$0.00,see codebook
  psid_0203  ,23.0,17.0,0.0,0.0,0.0,0.0,"$4,898.17","$2,148.39","$33,987.71",see codebook
  psid_0204  ,21.0,14.0,0.0,0.0,1.0,0.0,"$4,898.17","$7,161.29","$17,141.63",see codebook
  PSID_0205 ,24.0,16.0,0.0,0.0,0.0,0.0,"$4,898.17","$8,951.61","$17,732.72",see codebook
  psid_0206  ,30.0,17.0,0.0,0.0,1.0,0.0,"$4,898.17","$12,084.68","$5,172.04",see codebook
  psid_0207  ,25.0,17.0,0.0,0.0,0.0,0.0,"$4,996.13","$17,414.47","$5,030.18",see codebook
  PSID_0208 ,21.0,12.0,0.0,0.0,1.0,0.0,"$5,094.09","$6,803.23","$7,388.63",see codebook
  psid_0209  ,28.0,12.0,0.0,0.0,1.0,0.0,"$5,094.09","$10,741.93","$9,014.13",see codebook
  psid_0210  ,20.0,12.0,0.0,0.0,1.0,0.0,"$5,182.26","$6,266.13","$15,244.23",see codebook
  PSID_0211 ,36.0,16.0,0.0,0.0,0.0,0.0,"$5,290.02","$4,833.87","$5,319.82",see codebook
  psid_0212  ,19.0,12.0,1.0,0.0,0.0,0.0,"$5,387.98","$8,056.45","$12,117.36",see codebook
  psid_0213  ,21.0,12.0,1.0,0.0,1.0,0.0,"$5,868.00","$3,043.55","$10,048.54",see codebook
  PSID_0214 ,47.0,12.0,0.0,0.0,1.0,0.0,"$5,868.00","$9,513.77","$5,319.82",see codebook
  psid_0215  ,24.0,16.0,0.0,0.0,1.0,0.0,"$5,877.80","$4,833.87","$33,987.71",see codebook
  psid_0216  ,24.0,12.0,1.0,0.0,1.0,0.0,"$5,877.80","$8,951.61","$17,732.72",see codebook
  PSID_0217 ,25.0,17.0,0.0,0.0,1.0,0.0,"$5,877.80","$10,562.90","$30,101.29",see codebook
  psid_0218  ,21.0,16.0,0.0,0.0,1.0,0.0,"$5,877.80","$10,562.90","$16,993.86",see codebook
  psid_0219  ,31.0,12.0,1.0,0.0,1.0,0.0,"$5,877.80","$11,064.19","$15,959.45",see codebook
  PSID_0220 ,26.0,14.0,0.0,0.0,1.0,0.0,"$5,877.80","$13,427.42","$31,032.26",see codebook
  psid_0221  ,22.0,12.0,1.0,0.0,0.0,0.0,"$5,891.52","$10,367.76","$5,763.13",see codebook
  psid_0222  ,20.0,13.0,1.0,0.0,0.0,0.0,"$5,897.39","$12,532.26","$14,777.27",see codebook
  PSID_0223 ,20.0,13.0,0.0,1.0,1.0,0.0,"$6,073.73","$10,025.81","$27,337.94",see codebook
  psid_0224  ,27.0,14.0,0.0,0.0,1.0,0.0,"$6,269.65",$0.00,"$26,007.99",see codebook
  psid_0225  ,26.0,12.0,0.0,0.0,0.0,0.0,"$6,269.65","$11,637.10","$10,344.09",see codebook
  PSID_0226 ,23.0,17.0,0.0,0.0,1.0,0.0,"$6,367.62","$5,370.97",$0.00,see codebook
  psid_0227  ,23.0,12.0,1.0,0.0,0.0,0.0,"$6,494.97","$12,532.26","$14,186.17",see codebook
  psid_0228  ,22.0,12.0,1.0,0.0,0.0,0.0,"$6,583.14","$4,475.81",$0.00,see codebook
  PSID_0229 ,21.0,12.0,1.0,0.0,0.0,0.0,"$6,661.51","$11,458.07","$11,208.56",see codebook
  psid_0230  ,21.0,12.0,0.0,0.0,1.0,0.0,"$6,661.51","$12,532.26","$25,121.35",see codebook
  psid_0231  ,28.0,14.0,0.0,0.0,1.0,0.0,"$6,739.88","$7,877.42","$13,742.86",see codebook
  PSID_0232 ,27.0,12.0,1.0,0.0,1.0,0.0,"$6,855.47",$0.00,"$8,275.27",see codebook
  psid_0233  ,25.0,14.0,0.0,0.0,0.0,0.0,"$6,857.43","$1,790.32",$0.00,see codebook
  psid_0234  ,30.0,12.0,0.0,0.0,1.0,0.0,"$6,857.43","$3,222.58","$3,251.00",see codebook
  PSID_0235 ,27.0,13.0,1.0,0.0,1.0,0.0,"$6,857.43","$4,096.26","$24,514.01",see codebook
  psid_0236  ,22.0,13.0,0.0,0.0,0.0,0.0,"$6,857.43","$6,266.13","$17,363.29",see codebook
  psid_0237  ,23.0,16.0,0.0,0.0,1.0,0.0,"$6,857.43","$14,143.55","$22,165.90",see codebook
  PSID_0238 ,24.0,12.0,1.0,0.0,1.0,0.0,"$6,857.43","$14,322.58","$26,599.08",see codebook
  psid_0239  ,19.0,13.0,0.0,0.0,0.0,0.0,"$6,857.43","$15,217.74","$17,732.72",see codebook
  psid_0240  ,21.0,14.0,0.0,0.0,1.0,0.0,"$6,974.99","$11,407.93","$17,141.63",see codebook
  PSID_0241 ,29.0,17.0,0.0,0.0,1.0,0.0,"$7,053.36","$7,161.29","$8,866.36",see codebook
  psid_0242  ,27.0,16.0,0.0,0.0,1.0,0.0,"$7,053.36","$11,637.10","$25,121.35",see codebook
  psid_0243  ,28.0,15.0,0.0,0.0,1.0,0.0,"$7,249.29","$15,217.74","$9,161.91",see codebook
  PSID_0244 ,26.0,12.0,0.0,0.0,1.0,0.0,"$7,406.03",$0.00,"$2,955.45",see codebook
  psid_0245  ,54.0,12.0,0.0,0.0,1.0,0.0,"$7,445.21",$0.00,$0.00,see codebook
  psid_0246  ,28.0,15.0,1.0,0.0,0.0,0.0,"$7,445.21",$0.00,"$12,708.45",see codebook
  PSID_0247 ,27.0,15.0,0.0,0.0,1.0,0.0,"$7,445.21","$10,741.93","$18,471.58",see codebook
  psid_0248  ,26.0,13.0,0.0,0.0,0.0,0.0,"$7,449.13","$5,729.03","$9,605.22",see codebook
  psid_0249  ,21.0,12.0,0.0,0.0,1.0,0.0,"$7,523.58","$7,934.71",$0.00,see codebook
  PSID_0250 ,53.0,14.0,1.0,0.0,1.0,0.0,"$7,641.14","$8,421.68","$8,127.50",see codebook
  psid_0251  ,21.0,13.0,0.0,0.0,1.0,0.0,"$7,688.16","$12,743.52","$11,082.95",see codebook
  psid_0252  ,22.0,13.0,0.0,0.0,0.0,0.0,"$7,739.10","$3,759.68","$16,254.99",see codebook
  PSID_0253 ,27.0,16.0,0.0,0.0,0.0,0.0,"$7,837.07",$0.00,$0.00,see codebook
  psid_0254  ,37.0,15.0,0.0,1.0,1.0,0.0,"$7,837.07",$179.03,"$11,821.81",see codebook
  psid_0255  ,33.0,13.0,0.0,0.0,0.0,0.0,"$7,837.07","$3,580.65","$16,254.99",see codebook
  PSID_0256 ,19.0,12.0,1.0,0.0,0.0,0.0,"$7,837.07","$3,759.68","$3,694.32",see codebook
  psid_0257  ,28.0,12.0,0.0,0.0,1.0,0.0,"$7,837.07","$4,475.81","$15,663.90",see codebook
  psid_0258  ,32.0,12.0,1.0,0.0,1.0,0.0,"$7,837.07","$5,370.97","$8,866.36",see codebook
  PSID_0259 ,24.0,12.0,0.0,0.0,0.0,0.0,"$7,837.07","$5,370.97","$5,910.91",see codebook
  psid_0260  ,22.0,12.0,0.0,0.0,0.0,0.0,"$7,837.07","$7,497.87","$17,732.72",see codebook
  psid_0261  ,20.0,12.0,1.0,0.0,1.0,0.0,"$7,837.07","$8,951.61","$20,688.17",see codebook
  PSID_0262 ,23.0,12.0,0.0,0.0,1.0,0.0,"$7,837.07","$8,951.61","$12,058.25",see codebook
  psid_0263  ,27.0,12.0,1.0,0.0,1.0,0.0,"$7,837.07","$8,951.61","$2,210.68",see codebook
  psid_0264  ,23.0,12.0,1.0,0.0,1.0,0.0,"$7,837.07","$12,532.26","$21,870.35",see codebook
  PSID_0265 ,19.0,12.0,0.0,1.0,1.0,0.0,"$7,837.07","$12,532.26","$13,299.54",see codebook
  psid_0266  ,27.0,14.0,0.0,0.0,0.0,0.0,"$7,837.07","$14,322.58","$16,254.99",see codebook
  psid_0267  ,22.0,16.0,0.0,0.0,1.0,0.0,"$7,837.07","$16,112.90","$16,254.99",see codebook
  PSID_0268 ,42.0,12.0,0.0,0.0,1.0,0.0,"$7,837.07","$16,112.90","$15,516.13",see codebook
  psid_0269  ,20.0,13.0,0.0,0.0,0.0,0.0,"$7,837.07","$17,491.45","$2,216.59",see codebook
  psid_0270  ,29.0,13.0,0.0,0.0,0.0,0.0,"$7,958.54",$0.00,$0.00,see codebook
  PSID_0271 ,23.0,12.0,1.0,0.0,1.0,0.0,"$7,993.81","$13,427.42","$4,433.18",see codebook
  psid_0272  ,19.0,12.0,0.0,0.0,1.0,0.0,"$8,054.55","$9,309.68","$11,963.67",see codebook
  psid_0273  ,21.0,12.0,1.0,0.0,1.0,0.0,"$8,150.55","$13,092.63","$10,583.48",see codebook
  PSID_0274 ,26.0,12.0,0.0,0.0,1.0,0.0,"$8,228.92","$13,606.45","$11,969.58",see codebook
  psid_0275  ,21.0,16.0,0.0,0.0,0.0,0.0,"$8,228.92","$22,379.03","$27,337.94",see codebook
  psid_0276  ,24.0,12.0,1.0,0.0,1.0,0.0,"$8,275.94","$15,416.47","$8,335.86",see codebook
  PSID_0277 ,29.0,12.0,0.0,0.0,1.0,0.0,"$8,389.58","$5,908.06","$14,481.72",see codebook
  psid_0278  ,26.0,12.0,1.0,0.0,1.0,0.0,"$8,616.86","$8,593.55","$10,344.09",see codebook
  psid_0279  ,23.0,14.0,1.0,0.0,1.0,0.0,"$8,675.63","$10,398.19","$13,003.99",see codebook
  PSID_0280 ,25.0,12.0,0.0,0.0,0.0,0.0,"$8,683.47","$9,130.65","$15,811.67",see codebook
  psid_0281  ,21.0,12.0,0.0,0.0,1.0,0.0,"$8,816.70","$5,729.03","$18,096.24",see codebook
  psid_0282  ,25.0,12.0,1.0,0.0,0.0,0.0,"$8,816.70","$6,266.13","$10,344.09",see codebook
  PSID_0283 ,22.0,12.0,0.0,0.0,1.0,0.0,"$8,816.70","$9,939.87","$15,486.58",see codebook
  psid_0284  ,22.0,12.0,0.0,0.0,1.0,0.0,"$8,816.70","$10,741.93","$19,653.76",see codebook
  psid_0285  ,23.0,12.0,1.0,0.0,1.0,0.0,"$8,816.70","$12,174.19","$18,471.58",see codebook
  PSID_0286 ,18.0,12.0,0.0,0.0,0.0,0.0,"$8,816.70","$14,322.58","$22,165.90",see codebook
  psid_0287  ,27.0,12.0,1.0,0.0,0.0,0.0,"$8,816.70","$14,322.58","$19,210.45",see codebook
  psid_0288  ,21.0,12.0,1.0,0.0,0.0,0.0,"$8,816.70","$14,859.68","$5,578.42",see codebook
  PSID_0289 ,25.0,12.0,0.0,0.0,1.0,0.0,"$8,816.70","$16,112.90","$26,599.08",see codebook
  psid_0290  ,21.0,13.0,0.0,0.0,1.0,0.0,"$8,816.70","$17,903.23","$28,224.58",see codebook
  psid_0291  ,27.0,12.0,0.0,0.0,1.0,0.0,"$8,816.70","$44,758.07",$0.00,see codebook
  PSID_0292 ,23.0,12.0,0.0,0.0,1.0,0.0,"$8,840.21","$7,161.29","$10,416.50",see codebook
  psid_0293  ,21.0,12.0,0.0,0.0,1.0,0.0,"$8,867.64","$14,995.74","$17,732.72",see codebook
  psid_0294  ,23.0,14.0,1.0,0.0,1.0,0.0,"$8,934.26","$12,532.26","$8,866.36",see codebook
  PSID_0295 ,23.0,16.0,1.0,0.0,0.0,0.0,"$9,012.63","$16,490.66","$19,210.45",see codebook
  psid_0296  ,31.0,17.0,0.0,0.0,1.0,0.0,"$9,012.63","$29,465.13","$39,817.34",see codebook
  psid_0297  ,27.0,12.0,1.0,0.0,1.0,0.0,"$9,067.49","$5,370.97","$6,649.77",see codebook
  PSID_0298 ,21.0,12.0,1.0,0.0,1.0,0.0,"$9,169.37","$7,161.29","$7,388.63",see codebook
  psid_0299  ,23.0,12.0,1.0,0.0,1.0,0.0,"$9,169.37","$8,271.29","$10,403.20",see codebook
  psid_0300  ,19.0,12.0,0.0,0.0,1.0,0.0,"$9,208.55","$5,550.00","$11,526.27",see codebook
  PSID_0301 ,46.0,12.0,0.0,0.0,1.0,0.0,"$9,284.97","$8,504.03","$10,376.60",see codebook
  psid_0302  ,24.0,12.0,0.0,0.0,1.0,0.0,"$9,371.17","$2,864.52","$2,216.59",see codebook
  psid_0303  ,20.0,13.0,0.0,1.0,0.0,0.0,"$9,404.48",$0.00,"$8,275.27",see codebook
  PSID_0304 ,24.0,17.0,0.0,0.0,1.0,0.0,"$9,404.48","$5,370.97","$22,904.76",see codebook
  psid_0305  ,23.0,12.0,0.0,0.0,1.0,0.0,"$9,404.48","$9,130.65","$11,821.81",see codebook
  psid_0306  ,34.0,12.0,0.0,0.0,1.0,0.0,"$9,404.48","$9,166.45","$23,475.16",see codebook
  PSID_0307 ,35.0,12.0,0.0,0.0,1.0,0.0,"$9,404.48","$9,313.26","$11,821.81",see codebook
  psid_0308  ,23.0,12.0,0.0,0.0,0.0,0.0,"$9,404.48","$11,834.03","$16,846.08",see codebook
  psid_0309  ,21.0,14.0,1.0,0.0,0.0,0.0,"$9,420.16","$5,370.97","$9,900.77",see codebook
  PSID_0310 ,21.0,12.0,0.0,1.0,1.0,0.0,"$9,496.57","$8,772.58","$10,512.55",see codebook
  psid_0311  ,26.0,12.0,0.0,0.0,1.0,0.0,"$9,561.22",$0.00,"$13,299.54",see codebook
  psid_0312  ,23.0,13.0,0.0,0.0,1.0,0.0,"$9,698.37","$8,593.55","$23,643.62",see codebook
  PSID_0313 ,27.0,12.0,0.0,1.0,1.0,0.0,"$9,698.37","$11,279.03","$14,038.40",see codebook
  psid_0314  ,50.0,12.0,0.0,1.0,1.0,0.0,"$9,788.50","$9,846.77","$13,299.54",see codebook
  psid_0315  ,27.0,12.0,1.0,0.0,1.0,0.0,"$9,796.33",$0.00,"$11,821.81",see codebook
  PSID_0316 ,25.0,12.0,0.0,0.0,1.0,0.0,"$9,796.33","$2,685.48","$25,121.35",see codebook
  psid_0317  ,21.0,12.0,1.0,0.0,1.0,0.0,"$9,796.33","$4,296.77","$14,777.27",see codebook
  psid_0318  ,21.0,13.0,0.0,0.0,1.0,0.0,"$9,796.33","$8,593.55","$28,787.59",see codebook
  PSID_0319 ,33.0,12.0,1.0,0.0,0.0,0.0,"$9,796.33","$8,951.61",$0.00,see codebook
  psid_0320  ,19.0,12.0,0.0,0.0,1.0,0.0,"$9,796.33","$9,846.77","$20,688.17",see codebook
  psid_0321  ,20.0,12.0,0.0,0.0,1.0,0.0,"$9,796.33","$10,204.84","$29,258.99",see codebook
  PSID_0322 ,22.0,12.0,1.0,0.0,1.0,0.0,"$9,796.33","$10,741.93","$11,162.75",see codebook
  psid_0323  ,32.0,12.0,0.0,0.0,1.0,0.0,"$9,796.33","$11,458.07","$11,821.81",see codebook
  psid_0324  ,24.0,13.0,0.0,0.0,1.0,0.0,"$9,796.33","$11,458.07","$11,526.27",see codebook
  PSID_0325 ,29.0,12.0,1.0,0.0,1.0,0.0,"$9,796.33","$12,532.26","$19,210.45",see codebook
  psid_0326  ,23.0,12.0,1.0,0.0,1.0,0.0,"$9,796.33","$12,532.26","$11,821.81",see codebook
  psid_0327  ,26.0,14.0,0.0,0.0,1.0,0.0,"$9,796.33","$13,427.42","$20,688.17",see codebook
  PSID_0328 ,20.0,12.0,0.0,0.0,1.0,0.0,"$9,796.33","$13,427.42","$10,713.52",see codebook
  psid_0329  ,27.0,12.0,1.0,0.0,1.0,0.0,"$9,796.33","$14,322.58","$11,821.81",see codebook
  psid_0330  ,24.0,12.0,1.0,0.0,1.0,0.0,"$9,796.33","$14,322.58","$33,987.71",see codebook
  PSID_0331 ,24.0,17.0,0.0,0.0,0.0,0.0,"$9,796.33","$16,112.90","$36,943.16",see codebook
  psid_0332  ,21.0,13.0,0.0,0.0,0.0,0.0,"$9,796.33","$16,112.90","$20,688.17",see codebook
  psid_0333  ,25.0,12.0,1.0,0.0,1.0,0.0,"$9,796.33","$21,483.87","$6,649.77",see codebook
  PSID_0334 ,30.0,12.0,1.0,0.0,1.0,0.0,"$9,796.33","$25,064.52","$29,554.53",see codebook
  psid_0335  ,26.0,12.0,1.0,0.0,0.0,0.0,"$9,913.89","$10,741.93","$15,619.57",see codebook
  psid_0336  ,22.0,12.0,0.0,0.0,0.0,0.0,"$9,951.12","$14,322.58","$14,777.27",see codebook
  PSID_0337 ,47.0,12.0,0.0,0.0,1.0,0.0,"$9,968.75","$10,523.52","$11,283.92",see codebook
  psid_0338  ,22.0,12.0,0.0,0.0,0.0,0.0,"$9,992.26","$15,754.84","$19,949.31",see codebook
  psid_0339  ,31.0,12.0,1.0,0.0,1.0,0.0,"$10,188.19","$8,951.61","$9,605.22",see codebook
  PSID_0340 ,35.0,12.0,0.0,0.0,1.0,0.0,"$10,188.19","$9,309.68","$11,821.81",see codebook
  psid_0341  ,49.0,12.0,0.0,0.0,1.0,0.0,"$10,231.29","$11,082.10","$6,537.46",see codebook
  psid_0342  ,25.0,13.0,1.0,0.0,0.0,0.0,"$10,246.96","$15,396.77","$12,486.79",see codebook
  PSID_0343 ,23.0,12.0,0.0,0.0,1.0,0.0,"$10,290.07","$10,562.90","$9,221.01",see codebook
  psid_0344  ,25.0,17.0,0.0,0.0,1.0,0.0,"$10,384.11","$22,004.86","$49,429.95",see codebook
  psid_0345  ,23.0,16.0,0.0,0.0,1.0,0.0,"$10,384.11","$26,854.84","$11,821.81",see codebook
  PSID_0346 ,34.0,17.0,0.0,0.0,0.0,0.0,"$10,580.04","$7,161.29","$5,910.91",see codebook
  psid_0347  ,21.0,12.0,0.0,0.0,1.0,0.0,"$10,580.04","$8,056.45","$12,117.36",see codebook
  psid_0348  ,27.0,12.0,1.0,0.0,0.0,0.0,"$10,623.14","$3,222.58","$8,866.36",see codebook
  PSID_0349 ,23.0,12.0,0.0,0.0,1.0,0.0,"$10,775.97","$5,370.97","$11,821.81",see codebook
  psid_0350  ,23.0,12.0,0.0,0.0,1.0,0.0,"$10,775.97","$7,161.29","$16,993.86",see codebook
  psid_0351  ,32.0,17.0,0.0,0.0,0.0,0.0,"$10,775.97","$7,161.29",$0.00,see codebook
  PSID_0352 ,27.0,12.0,1.0,0.0,1.0,0.0,"$10,775.97","$8,951.61","$7,536.41",see codebook
  psid_0353  ,24.0,12.0,1.0,0.0,0.0,0.0,"$10,775.97","$9,309.68","$8,275.27",see codebook
  psid_0354  ,34.0,12.0,0.0,0.0,1.0,0.0,"$10,775.97","$11,637.10","$14,186.17",see codebook
  PSID_0355 ,29.0,12.0,0.0,0.0,1.0,0.0,"$10,775.97","$12,532.26","$25,860.21",see codebook
  psid_0356  ,28.0,14.0,0.0,0.0,1.0,0.0,"$10,775.97","$13,427.42",$0.00,see codebook
  psid_0357  ,18.0,12.0,0.0,0.0,0.0,0.0,"$10,775.97","$14,322.58","$21,427.04",see codebook
  PSID_0358 ,20.0,12.0,1.0,0.0,0.0,0.0,"$10,775.97","$16,372.50","$29,554.53",see codebook
  psid_0359  ,25.0,13.0,0.0,0.0,1.0,0.0,"$10,775.97","$16,739.52","$18,966.62",see codebook
  psid_0360  ,23.0,12.0,1.0,0.0,1.0,0.0,"$10,775.97","$20,481.29","$29,391.98",see codebook
  PSID_0361 ,26.0,17.0,0.0,0.0,1.0,0.0,"$10,775.97","$29,182.26","$35,465.44",see codebook
  psid_0362  ,24.0,12.0,0.0,0.0,0.0,0.0,"$10,873.93","$15,754.84","$20,132.55",see codebook
  psid_0363  ,23.0,12.0,0.0,0.0,1.0,0.0,"$10,971.89","$10,204.84","$31,032.26",see codebook
  PSID_0364 ,23.0,16.0,0.0,0.0,0.0,0.0,"$10,971.89","$18,798.39","$20,924.61",see codebook
  psid_0365  ,26.0,12.0,1.0,0.0,1.0,0.0,"$11,167.82","$1,074.19","$8,866.36",see codebook
  psid_0366  ,46.0,12.0,0.0,0.0,1.0,0.0,"$11,167.82","$7,161.29","$17,732.72",see codebook
  PSID_0367 ,23.0,12.0,1.0,0.0,1.0,0.0,"$11,167.82","$7,812.97","$14,777.27",see codebook
  psid_0368  ,41.0,12.0,0.0,0.0,1.0,0.0,"$11,167.82","$10,741.93","$12,412.90",see codebook
  psid_0369  ,19.0,12.0,0.0,0.0,1.0,0.0,"$11,201.13","$14,143.55","$24,338.16",see codebook
  PSID_0370 ,29.0,12.0,0.0,0.0,1.0,0.0,"$11,259.91","$9,041.13","$26,599.08",see codebook
  psid_0371  ,24.0,12.0,1.0,0.0,0.0,0.0,"$11,285.38","$13,069.36","$10,344.09",see codebook
  psid_0372  ,23.0,12.0,1.0,0.0,0.0,0.0,"$11,328.48","$2,685.48","$29,216.13",see codebook
  PSID_0373 ,22.0,12.0,0.0,0.0,1.0,0.0,"$11,363.75","$4,654.84","$13,299.54",see codebook
  psid_0374  ,21.0,12.0,0.0,0.0,0.0,0.0,"$11,363.75","$9,667.74","$13,299.54",see codebook
  psid_0375  ,27.0,12.0,0.0,0.0,1.0,0.0,"$11,363.75","$12,532.26","$4,137.63",see codebook
  PSID_0376 ,37.0,12.0,0.0,0.0,1.0,0.0,"$11,430.36","$11,372.13","$8,866.36",see codebook
  psid_0377  ,44.0,12.0,0.0,0.0,1.0,0.0,"$11,559.67","$7,340.32","$27,781.26",see codebook
  psid_0378  ,38.0,16.0,0.0,0.0,1.0,0.0,"$11,559.67","$7,877.42","$17,732.72",see codebook
  PSID_0379 ,34.0,12.0,0.0,0.0,1.0,0.0,"$11,755.60",$0.00,"$11,821.81",see codebook
  psid_0380  ,49.0,12.0,0.0,0.0,0.0,0.0,"$11,755.60",$0.00,$0.00,see codebook
  psid_0381  ,23.0,12.0,0.0,0.0,1.0,0.0,"$11,755.60",$0.00,"$17,732.72",see codebook
  PSID_0382 ,28.0,14.0,1.0,0.0,1.0,0.0,"$11,755.60",$0.00,"$25,874.99",see codebook
  psid_0383  ,43.0,12.0,0.0,0.0,1.0,0.0,"$11,755.60",$0.00,$295.55,see codebook
  psid_0384  ,28.0,16.0,0.0,0.0,0.0,0.0,"$11,755.60","$6,445.16",$0.00,see codebook
  PSID_0385 ,29.0,12.0,1.0,0.0,1.0,0.0,"$11,755.60","$9,846.77","$20,688.17",see codebook
  psid_0386  ,53.0,12.0,0.0,0.0,1.0,0.0,"$11,755.60","$9,893.32","$5,172.04",see codebook
  psid_0387  ,21.0,12.0,0.0,0.0,1.0,0.0,"$11,755.60","$10,204.84","$12,560.68",see codebook
  PSID_0388 ,24.0,13.0,1.0,0.0,1.0,0.0,"$11,755.60","$10,741.93","$31,097.28",see codebook
  psid_0389  ,21.0,12.0,0.0,0.0,1.0,0.0,"$11,755.60","$10,741.93","$6,649.77",see codebook
  psid_0390  ,24.0,12.0,0.0,0.0,1.0,0.0,"$11,755.60","$11,074.93","$13,742.86",see codebook
  PSID_0391 ,21.0,12.0,0.0,0.0,0.0,0.0,"$11,755.60","$11,637.10","$10,048.54",see codebook
  psid_0392  ,23.0,14.0,0.0,0.0,1.0,0.0,"$11,755.60","$11,637.10","$25,121.35",see codebook
  psid_0393  ,28.0,12.0,0.0,0.0,1.0,0.0,"$11,755.60","$12,532.26",$0.00,see codebook
  PSID_0394 ,28.0,12.0,0.0,0.0,1.0,0.0,"$11,755.60","$12,532.26",$0.00,see codebook
  psid_0395  ,25.0,17.0,0.0,0.0,1.0,0.0,"$11,755.60","$12,621.77","$28,963.44",see codebook
  psid_0396  ,23.0,13.0,0.0,0.0,1.0,0.0,"$11,755.60","$13,427.42","$16,254.99",see codebook
  PSID_0397 ,30.0,12.0,0.0,0.0,1.0,0.0,"$11,755.60","$13,635.10","$26,599.08",see codebook
  psid_0398  ,23.0,12.0,0.0,0.0,1.0,0.0,"$11,755.60","$13,785.48","$14,186.17",see codebook
  psid_0399  ,26.0,12.0,0.0,0.0,1.0,0.0,"$11,755.60","$14,322.58","$20,688.17",see codebook
  PSID_0400 ,21.0,12.0,1.0,0.0,1.0,0.0,"$11,755.60","$14,322.58","$16,254.99",see codebook
  psid_0401  ,26.0,12.0,0.0,0.0,1.0,0.0,"$11,755.60","$14,322.58","$17,732.72",see codebook
  psid_0402  ,25.0,12.0,1.0,0.0,1.0,0.0,"$11,755.60","$14,322.58","$21,427.04",see codebook
  PSID_0403 ,22.0,12.0,0.0,0.0,1.0,0.0,"$11,755.60","$14,465.81","$18,102.15",see codebook
  psid_0404  ,28.0,16.0,0.0,0.0,1.0,0.0,"$11,755.60","$15,217.74","$20,688.17",see codebook
  psid_0405  ,22.0,13.0,1.0,0.0,1.0,0.0,"$11,755.60","$15,217.74",$0.00,see codebook
  PSID_0406 ,24.0,16.0,0.0,0.0,1.0,0.0,"$11,755.60","$16,112.90","$31,032.26",see codebook
  psid_0407  ,27.0,15.0,1.0,0.0,0.0,0.0,"$11,755.60","$16,744.89","$18,442.03",see codebook
  psid_0408  ,19.0,12.0,0.0,0.0,0.0,0.0,"$11,755.60","$19,335.48","$16,254.99",see codebook
  PSID_0409 ,38.0,14.0,0.0,0.0,1.0,0.0,"$11,755.60","$19,693.55",$0.00,see codebook
  psid_0410  ,38.0,14.0,0.0,0.0,0.0,0.0,"$11,755.60","$21,483.87","$7,388.63",see codebook
  psid_0411  ,45.0,12.0,0.0,0.0,1.0,0.0,"$11,771.28","$11,270.08","$16,822.44",see codebook
  PSID_0412 ,26.0,12.0,1.0,0.0,1.0,0.0,"$11,775.19","$14,150.71","$16,342.18",see codebook
  psid_0413  ,31.0,16.0,0.0,0.0,1.0,0.0,"$11,784.99","$9,846.77","$5,390.75",see codebook
  psid_0414  ,25.0,13.0,1.0,0.0,1.0,0.0,"$11,931.93","$13,824.87","$12,656.73",see codebook
  PSID_0415 ,25.0,14.0,0.0,0.0,1.0,0.0,"$11,973.08","$14,322.58","$14,777.27",see codebook
  psid_0416  ,22.0,12.0,0.0,0.0,1.0,0.0,"$12,051.45","$16,025.18","$13,151.77",see codebook
  psid_0417  ,36.0,12.0,0.0,0.0,1.0,0.0,"$12,147.45","$13,964.52","$13,299.54",see codebook
  PSID_0418 ,27.0,12.0,0.0,0.0,1.0,0.0,"$12,147.45","$14,322.58","$20,142.89",see codebook
  psid_0419  ,33.0,12.0,0.0,0.0,1.0,0.0,"$12,147.45","$16,112.90","$24,382.49",see codebook
  psid_0420  ,27.0,12.0,0.0,0.0,1.0,0.0,"$12,147.45","$23,274.19","$26,599.08",see codebook
  PSID_0421 ,30.0,12.0,1.0,0.0,1.0,0.0,"$12,225.83","$10,741.93","$18,962.19",see codebook
  psid_0422  ,46.0,12.0,0.0,0.0,1.0,0.0,"$12,343.38","$11,637.10","$11,230.72",see codebook
  psid_0423  ,23.0,14.0,0.0,0.0,1.0,0.0,"$12,343.38","$12,532.26","$14,186.17",see codebook
  PSID_0424 ,25.0,16.0,0.0,0.0,1.0,0.0,"$12,343.38","$13,606.45","$21,427.04",see codebook
  psid_0425  ,27.0,14.0,0.0,0.0,1.0,0.0,"$12,419.79","$16,829.03","$25,178.98",see codebook
  psid_0426  ,49.0,16.0,0.0,0.0,1.0,0.0,"$12,504.04","$12,353.23","$12,560.68",see codebook
  PSID_0427 ,22.0,12.0,0.0,0.0,1.0,0.0,"$12,539.31","$12,532.26","$14,369.41",see codebook
  psid_0428  ,28.0,16.0,0.0,0.0,1.0,0.0,"$12,572.62","$21,483.87","$23,495.85",see codebook
  psid_0429  ,24.0,12.0,1.0,0.0,1.0,0.0,"$12,658.82","$19,693.55","$19,210.45",see codebook
  PSID_0430 ,37.0,17.0,1.0,0.0,1.0,0.0,"$12,735.23","$1,306.94","$4,236.64",see codebook
  psid_0431  ,22.0,13.0,0.0,0.0,0.0,0.0,"$12,735.23","$12,532.26","$17,732.72",see codebook
  psid_0432  ,23.0,17.0,0.0,0.0,0.0,0.0,"$12,735.23","$14,322.58","$28,076.80",see codebook
  PSID_0433 ,23.0,12.0,1.0,0.0,0.0,0.0,"$12,735.23","$14,322.58","$20,688.17",see codebook
  psid_0434  ,26.0,12.0,0.0,0.0,1.0,0.0,"$12,735.23","$14,322.58","$14,925.04",see codebook
  psid_0435  ,22.0,12.0,0.0,0.0,0.0,0.0,"$12,735.23","$16,112.90","$21,131.49",see codebook
  PSID_0436 ,31.0,14.0,0.0,0.0,1.0,0.0,"$12,735.23","$17,724.19","$29,850.08",see codebook
  psid_0437  ,31.0,14.0,0.0,0.0,1.0,0.0,"$12,735.23","$17,724.19","$29,850.08",see codebook
  psid_0438  ,54.0,12.0,0.0,0.0,1.0,0.0,"$12,735.23","$17,894.27","$19,343.44",see codebook
  PSID_0439 ,25.0,16.0,1.0,0.0,1.0,0.0,"$12,735.23","$18,261.29","$10,521.41",see codebook
  psid_0440  ,28.0,12.0,1.0,0.0,1.0,0.0,"$12,735.23","$19,693.55","$17,732.72",see codebook
  psid_0441  ,19.0,13.0,0.0,0.0,1.0,0.0,"$12,735.23","$19,693.55","$28,815.67",see codebook
  PSID_0442 ,26.0,17.0,0.0,0.0,1.0,0.0,"$12,735.23","$25,064.52","$26,599.08",see codebook
  psid_0443  ,28.0,12.0,0.0,0.0,1.0,0.0,"$12,813.61","$7,161.29","$16,254.99",see codebook
  psid_0444  ,20.0,12.0,0.0,0.0,1.0,0.0,"$12,931.16","$2,363.23","$14,777.27",see codebook
  PSID_0445 ,26.0,12.0,0.0,0.0,1.0,0.0,"$12,931.16","$11,100.00","$22,165.90",see codebook
  psid_0446  ,25.0,17.0,0.0,0.0,1.0,0.0,"$12,935.08","$22,379.03","$36,943.16",see codebook
  psid_0447  ,24.0,12.0,0.0,0.0,1.0,0.0,"$13,029.12","$13,964.52","$41,571.40",see codebook
  PSID_0448 ,22.0,12.0,0.0,0.0,1.0,0.0,"$13,127.09","$8,951.61","$13,595.08",see codebook
  psid_0449  ,27.0,17.0,0.0,0.0,1.0,0.0,"$13,127.09","$10,741.93","$29,554.53",see codebook
  psid_0450  ,26.0,12.0,0.0,0.0,1.0,0.0,"$13,127.09","$12,174.19","$12,687.76",see codebook
  PSID_0451 ,27.0,12.0,1.0,0.0,1.0,0.0,"$13,127.09","$12,353.23","$11,526.27",see codebook
  psid_0452  ,19.0,12.0,0.0,0.0,1.0,0.0,"$13,127.09","$12,532.26","$24,382.49",see codebook
  psid_0453  ,29.0,17.0,0.0,0.0,1.0,0.0,"$13,127.09","$19,693.55",$0.00,see codebook
  PSID_0454 ,20.0,12.0,0.0,0.0,1.0,0.0,"$13,244.64","$8,772.58","$17,289.40",see codebook
  psid_0455  ,25.0,12.0,0.0,0.0,1.0,0.0,"$13,291.67","$14,202.63","$14,777.27",see codebook
  psid_0456  ,29.0,16.0,0.0,0.0,1.0,0.0,"$13,323.01","$5,370.97","$17,732.72",see codebook
  PSID_0457 ,23.0,14.0,0.0,0.0,0.0,0.0,"$13,323.01","$12,174.19","$14,777.27",see codebook
  psid_0458  ,28.0,12.0,0.0,0.0,1.0,0.0,"$13,323.01","$12,532.26","$10,935.18",see codebook
  psid_0459  ,30.0,14.0,0.0,0.0,1.0,0.0,"$13,323.01","$14,322.58","$14,777.27",see codebook
  PSID_0460 ,26.0,16.0,1.0,0.0,1.0,0.0,"$13,323.01","$19,693.55","$19,934.53",see codebook
  psid_0461  ,24.0,12.0,0.0,1.0,1.0,0.0,"$13,493.47","$16,470.97","$21,035.44",see codebook
  psid_0462  ,22.0,12.0,1.0,0.0,1.0,0.0,"$13,518.94","$13,427.42","$12,560.68",see codebook
  PSID_0463 ,27.0,12.0,0.0,0.0,1.0,0.0,"$13,597.31","$15,833.61","$13,246.34",see codebook
  psid_0464  ,22.0,12.0,1.0,0.0,1.0,0.0,"$13,665.89","$17,903.23","$13,299.54",see codebook
  psid_0465  ,42.0,13.0,0.0,0.0,1.0,0.0,"$13,701.15",$0.00,"$33,987.71",see codebook
  PSID_0466 ,22.0,12.0,1.0,0.0,1.0,0.0,"$13,714.87",$0.00,$664.98,see codebook
  psid_0467  ,47.0,12.0,0.0,0.0,1.0,0.0,"$13,714.87",$0.00,"$12,560.68",see codebook
  psid_0468  ,26.0,12.0,0.0,0.0,1.0,0.0,"$13,714.87",$716.13,"$22,904.76",see codebook
  PSID_0469 ,21.0,12.0,0.0,0.0,1.0,0.0,"$13,714.87","$3,222.58","$14,038.40",see codebook
  psid_0470  ,25.0,16.0,0.0,0.0,0.0,0.0,"$13,714.87","$6,042.34",$0.00,see codebook
  psid_0471  ,25.0,12.0,1.0,0.0,1.0,0.0,"$13,714.87","$8,235.48","$17,732.72",see codebook
  PSID_0472 ,23.0,12.0,0.0,0.0,0.0,0.0,"$13,714.87","$10,741.93","$15,959.45",see codebook
  psid_0473  ,33.0,12.0,1.0,0.0,0.0,0.0,"$13,714.87","$11,100.00","$9,605.22",see codebook
  psid_0474  ,55.0,16.0,1.0,0.0,1.0,0.0,"$13,714.87","$11,995.16","$23,531.32",see codebook
  PSID_0475 ,47.0,12.0,1.0,0.0,1.0,0.0,"$13,714.87","$12,433.79","$14,777.27",see codebook
  psid_0476  ,20.0,12.0,1.0,0.0,1.0,0.0,"$13,714.87","$12,532.26","$8,866.36",see codebook
  psid_0477  ,26.0,12.0,1.0,0.0,1.0,0.0,"$13,714.87","$12,532.26","$11,821.81",see codebook
  PSID_0478 ,31.0,12.0,0.0,0.0,1.0,0.0,"$13,714.87","$12,532.26","$14,777.27",see codebook
  psid_0479  ,30.0,12.0,0.0,0.0,1.0,0.0,"$13,714.87","$12,532.26","$2,563.86",see codebook
  psid_0480  ,21.0,12.0,1.0,0.0,0.0,0.0,"$13,714.87","$13,339.69","$11,651.87",see codebook
  PSID_0481 ,28.0,17.0,0.0,0.0,1.0,0.0,"$13,714.87","$13,427.42","$6,827.10",see codebook
  psid_0482  ,24.0,12.0,0.0,0.0,1.0,0.0,"$13,714.87","$13,427.42","$17,732.72",see codebook
  psid_0483  ,28.0,12.0,0.0,0.0,1.0,0.0,"$13,714.87","$13,606.45","$19,210.45",see codebook
  PSID_0484 ,23.0,12.0,0.0,0.0,0.0,0.0,"$13,714.87","$14,322.58","$22,165.90",see codebook
  psid_0485  ,35.0,12.0,0.0,0.0,0.0,0.0,"$13,714.87","$15,038.71","$26,599.08",see codebook
  psid_0486  ,27.0,14.0,0.0,0.0,1.0,0.0,"$13,714.87","$15,217.74","$13,447.31",see codebook
  PSID_0487 ,23.0,12.0,0.0,0.0,1.0,0.0,"$13,714.87","$15,754.84","$24,205.16",see codebook
  psid_0488  ,24.0,12.0,1.0,0.0,1.0,0.0,"$13,714.87","$16,112.90","$16,254.99",see codebook
  psid_0489  ,24.0,12.0,0.0,0.0,1.0,0.0,"$13,714.87","$16,112.90","$16,254.99",see codebook
  PSID_0490 ,39.0,12.0,1.0,0.0,1.0,0.0,"$13,714.87","$17,008.06","$14,629.49",see codebook
  psid_0491  ,33.0,12.0,0.0,0.0,1.0,0.0,"$13,714.87","$18,082.26","$26,081.87",see codebook
  psid_0492  ,45.0,14.0,0.0,0.0,1.0,0.0,"$13,714.87","$19,102.74","$30,145.62",see codebook
  PSID_0493 ,45.0,14.0,0.0,0.0,1.0,0.0,"$13,714.87","$19,102.74","$30,145.62",see codebook
  psid_0494  ,27.0,12.0,1.0,0.0,1.0,0.0,"$13,714.87","$19,425.00","$25,860.21",see codebook
  psid_0495  ,45.0,17.0,0.0,0.0,1.0,0.0,"$13,714.87","$23,095.16","$6,649.77",see codebook
  PSID_0496 ,23.0,16.0,0.0,0.0,0.0,0.0,"$13,714.87","$25,601.61","$31,623.35",see codebook
  psid_0497  ,26.0,17.0,0.0,0.0,1.0,0.0,"$13,714.87","$29,540.32","$29,554.53",see codebook
  psid_0498  ,27.0,14.0,1.0,0.0,0.0,0.0,"$13,812.83","$17,036.71","$20,688.17",see codebook
  PSID_0499 ,21.0,14.0,0.0,0.0,1.0,0.0,"$13,832.42","$8,777.95",$591.09,see codebook
  psid_0500  ,20.0,12.0,0.0,0.0,1.0,0.0,"$13,902.96","$14,322.58","$19,653.76",see codebook
  psid_0501  ,29.0,12.0,0.0,0.0,1.0,0.0,"$13,910.79","$7,161.29","$19,210.45",see codebook
  PSID_0502 ,22.0,12.0,0.0,1.0,1.0,0.0,"$13,910.79","$8,611.45","$16,218.05",see codebook
  psid_0503  ,24.0,12.0,0.0,0.0,0.0,0.0,"$13,910.79","$13,427.42","$19,210.45",see codebook
  psid_0504  ,27.0,12.0,0.0,0.0,1.0,0.0,"$13,910.79","$14,859.68","$15,072.81",see codebook
  PSID_0505 ,23.0,12.0,0.0,0.0,1.0,0.0,"$14,063.62","$11,100.00","$14,777.27",see codebook
  psid_0506  ,24.0,16.0,0.0,0.0,1.0,0.0,"$14,067.54","$24,706.45","$37,829.80",see codebook
  psid_0507  ,23.0,16.0,0.0,0.0,0.0,0.0,"$14,106.72","$6,266.13","$2,955.45",see codebook
  PSID_0508 ,33.0,14.0,0.0,0.0,1.0,0.0,"$14,106.72","$14,322.58","$17,732.72",see codebook
  psid_0509  ,21.0,12.0,0.0,0.0,0.0,0.0,"$14,106.72","$17,903.23","$22,165.90",see codebook
  psid_0510  ,23.0,12.0,0.0,0.0,1.0,0.0,"$14,106.72","$23,453.23",$0.00,see codebook
  PSID_0511 ,20.0,12.0,1.0,0.0,1.0,0.0,"$14,322.24","$17,903.23","$14,777.27",see codebook
  psid_0512  ,24.0,12.0,0.0,0.0,1.0,0.0,"$14,373.18","$19,693.55","$7,388.63",see codebook
  psid_0513  ,29.0,12.0,1.0,0.0,1.0,0.0,"$14,392.77","$15,396.77","$14,777.27",see codebook
  PSID_0514 ,34.0,12.0,0.0,0.0,1.0,0.0,"$14,498.57","$14,322.58","$10,048.54",see codebook
  psid_0515  ,44.0,12.0,0.0,0.0,1.0,0.0,"$14,498.57","$14,424.63","$14,579.25",see codebook
  psid_0516  ,23.0,12.0,0.0,0.0,1.0,0.0,"$14,498.57","$19,335.48","$19,210.45",see codebook
  PSID_0517 ,26.0,14.0,1.0,0.0,1.0,0.0,"$14,506.41","$17,187.10","$21,678.25",see codebook
  psid_0518  ,51.0,12.0,0.0,0.0,1.0,0.0,"$14,533.84","$19,245.97","$17,732.72",see codebook
  psid_0519  ,41.0,12.0,0.0,0.0,1.0,0.0,"$14,684.71","$23,274.19","$26,599.08",see codebook
  PSID_0520 ,37.0,13.0,0.0,0.0,1.0,0.0,"$14,694.50","$8,951.61","$17,732.72",see codebook
  psid_0521  ,26.0,16.0,0.0,0.0,1.0,0.0,"$14,694.50","$11,637.10","$20,688.17",see codebook
  psid_0522  ,24.0,12.0,1.0,0.0,1.0,0.0,"$14,694.50","$11,816.13","$11,821.81",see codebook
  PSID_0523 ,22.0,14.0,1.0,0.0,1.0,0.0,"$14,694.50","$12,532.26","$21,397.48",see codebook
  psid_0524  ,27.0,12.0,1.0,0.0,1.0,0.0,"$14,694.50","$13,427.42","$14,079.78",see codebook
  psid_0525  ,23.0,13.0,0.0,0.0,1.0,0.0,"$14,694.50","$14,322.58","$20,688.17",see codebook
  PSID_0526 ,27.0,12.0,0.0,0.0,1.0,0.0,"$14,694.50","$14,322.58","$19,210.45",see codebook
  psid_0527  ,28.0,12.0,1.0,0.0,1.0,0.0,"$14,694.50","$14,859.68","$19,210.45",see codebook
  psid_0528  ,21.0,12.0,0.0,0.0,1.0,0.0,"$14,694.50","$15,217.74","$23,643.62",see codebook
  PSID_0529 ,28.0,12.0,0.0,0.0,1.0,0.0,"$14,694.50","$15,933.87",$0.00,see codebook
  psid_0530  ,22.0,13.0,0.0,0.0,1.0,0.0,"$14,694.50","$16,112.90",$0.00,see codebook
  psid_0531  ,20.0,12.0,0.0,0.0,1.0,0.0,"$14,694.50","$16,112.90","$26,599.08",see codebook
  PSID_0532 ,24.0,16.0,0.0,0.0,1.0,0.0,"$14,694.50","$16,470.97","$27,337.94",see codebook
  psid_0533  ,22.0,12.0,0.0,0.0,1.0,0.0,"$14,694.50","$16,829.03","$21,870.35",see codebook
  psid_0534  ,27.0,12.0,0.0,1.0,1.0,0.0,"$14,694.50","$16,829.03","$37,829.80",see codebook
  PSID_0535 ,35.0,12.0,1.0,0.0,1.0,0.0,"$14,694.50","$17,187.10","$21,279.26",see codebook
  psid_0536  ,23.0,16.0,0.0,0.0,1.0,0.0,"$14,694.50","$19,693.55","$29,554.53",see codebook
  psid_0537  ,22.0,16.0,0.0,0.0,1.0,0.0,"$14,694.50","$19,693.55","$2,955.45",see codebook
  PSID_0538 ,23.0,16.0,0.0,0.0,1.0,0.0,"$14,694.50","$23,274.19","$25,121.35",see codebook
  psid_0539  ,20.0,12.0,0.0,0.0,1.0,0.0,"$14,694.50","$26,854.84","$31,032.26",see codebook
  psid_0540  ,22.0,12.0,1.0,0.0,1.0,0.0,"$14,790.50","$14,680.64","$14,038.40",see codebook
  PSID_0541 ,24.0,12.0,0.0,0.0,1.0,0.0,"$14,890.43",$719.71,"$27,963.02",see codebook
  psid_0542  ,26.0,12.0,0.0,0.0,1.0,0.0,"$14,890.43","$10,741.93",$0.00,see codebook
  psid_0543  ,42.0,12.0,1.0,0.0,1.0,0.0,"$14,988.39","$11,185.93",$0.00,see codebook
  PSID_0544 ,28.0,15.0,0.0,0.0,1.0,0.0,"$15,082.44","$18,619.36","$13,986.68",see codebook
  psid_0545  ,24.0,13.0,0.0,0.0,1.0,0.0,"$15,282.28","$14,322.58","$32,509.98",see codebook
  psid_0546  ,50.0,12.0,0.0,0.0,1.0,0.0,"$15,282.28","$14,322.58","$13,151.77",see codebook
  PSID_0547 ,50.0,12.0,0.0,0.0,1.0,0.0,"$15,282.28","$14,322.58","$13,151.77",see codebook
  psid_0548  ,28.0,13.0,0.0,0.0,1.0,0.0,"$15,282.28","$14,322.58","$14,038.40",see codebook
  psid_0549  ,25.0,12.0,0.0,0.0,1.0,0.0,"$15,282.28","$16,112.90","$25,121.35",see codebook
  PSID_0550 ,31.0,12.0,1.0,0.0,0.0,0.0,"$15,282.28","$17,903.23","$14,777.27",see codebook
  psid_0551  ,32.0,16.0,1.0,0.0,1.0,0.0,"$15,282.28","$19,693.55","$28,076.80",see codebook
  psid_0552  ,22.0,12.0,0.0,0.0,1.0,0.0,"$15,282.28","$19,693.55","$21,870.35",see codebook
  PSID_0553 ,22.0,13.0,1.0,0.0,1.0,0.0,"$15,403.76","$14,320.79","$18,660.73",see codebook
  psid_0554  ,26.0,12.0,1.0,0.0,1.0,0.0,"$15,411.59","$8,951.61","$11,082.95",see codebook
  psid_0555  ,22.0,12.0,0.0,0.0,1.0,0.0,"$15,478.21","$8,951.61","$14,186.17",see codebook
  PSID_0556 ,29.0,12.0,0.0,0.0,0.0,0.0,"$15,478.21","$14,370.92","$12,615.35",see codebook
  psid_0557  ,53.0,17.0,0.0,0.0,1.0,0.0,"$15,478.21","$16,399.36","$15,663.90",see codebook
  psid_0558  ,25.0,12.0,0.0,0.0,1.0,0.0,"$15,478.21","$17,724.19","$31,327.80",see codebook
  PSID_0559 ,26.0,12.0,1.0,0.0,1.0,0.0,"$15,478.21","$18,175.36","$19,949.31",see codebook
  psid_0560  ,24.0,16.0,0.0,0.0,0.0,0.0,"$15,587.93","$19,505.56","$19,210.45",see codebook
  psid_0561  ,27.0,17.0,0.0,0.0,0.0,0.0,"$15,674.13",$0.00,"$41,376.34",see codebook
  PSID_0562 ,46.0,12.0,0.0,0.0,1.0,0.0,"$15,674.13",$734.03,"$20,688.17",see codebook
  psid_0563  ,25.0,12.0,1.0,0.0,1.0,0.0,"$15,674.13","$3,738.19","$10,512.55",see codebook
  psid_0564  ,21.0,13.0,0.0,0.0,0.0,0.0,"$15,674.13","$4,946.66","$1,733.37",see codebook
  PSID_0565 ,37.0,12.0,0.0,0.0,1.0,0.0,"$15,674.13","$8,951.61","$28,076.80",see codebook
  psid_0566  ,37.0,12.0,0.0,0.0,1.0,0.0,"$15,674.13","$8,951.61","$28,076.80",see codebook
  psid_0567  ,28.0,15.0,1.0,0.0,1.0,0.0,"$15,674.13","$9,452.90","$31,032.26",see codebook
  PSID_0568 ,22.0,12.0,0.0,0.0,0.0,0.0,"$15,674.13","$10,741.93","$28,963.44",see codebook
  psid_0569  ,22.0,12.0,0.0,0.0,0.0,0.0,"$15,674.13","$11,637.10","$20,688.17",see codebook
  psid_0570  ,27.0,12.0,0.0,0.0,1.0,0.0,"$15,674.13","$12,532.26","$19,210.45",see codebook
  PSID_0571 ,21.0,13.0,1.0,0.0,1.0,0.0,"$15,674.13","$12,532.26","$25,121.35",see codebook
  psid_0572  ,49.0,16.0,0.0,0.0,1.0,0.0,"$15,674.13","$12,890.32","$17,732.72",see codebook
  psid_0573  ,26.0,12.0,0.0,0.0,1.0,0.0,"$15,674.13","$13,427.42",$0.00,see codebook
  PSID_0574 ,33.0,14.0,0.0,0.0,1.0,0.0,"$15,674.13","$13,427.42","$13,890.63",see codebook
  psid_0575  ,28.0,15.0,0.0,0.0,1.0,0.0,"$15,674.13","$13,785.48","$15,959.45",see codebook
  psid_0576  ,29.0,17.0,0.0,0.0,1.0,0.0,"$15,674.13","$14,143.55","$25,860.21",see codebook
  PSID_0577 ,54.0,16.0,1.0,0.0,1.0,0.0,"$15,674.13","$14,322.58","$11,821.81",see codebook
  psid_0578  ,25.0,14.0,0.0,1.0,1.0,0.0,"$15,674.13","$14,322.58","$20,702.95",see codebook
  psid_0579  ,32.0,12.0,0.0,0.0,1.0,0.0,"$15,674.13","$14,322.58","$13,299.54",see codebook
  PSID_0580 ,40.0,12.0,0.0,0.0,1.0,0.0,"$15,674.13","$14,322.58","$16,254.99",see codebook
  psid_0581  ,40.0,12.0,0.0,0.0,1.0,0.0,"$15,674.13","$14,322.58","$16,254.99",see codebook
  psid_0582  ,27.0,16.0,0.0,0.0,1.0,0.0,"$15,674.13","$14,322.58","$22,165.90",see codebook
  PSID_0583 ,24.0,12.0,0.0,0.0,1.0,0.0,"$15,674.13","$14,680.64","$17,732.72",see codebook
  psid_0584  ,43.0,12.0,0.0,0.0,1.0,0.0,"$15,674.13","$14,680.64","$13,831.52",see codebook
  psid_0585  ,25.0,16.0,0.0,0.0,1.0,0.0,"$15,674.13","$15,217.74","$19,062.67",see codebook
  PSID_0586 ,26.0,12.0,1.0,0.0,1.0,0.0,"$15,674.13","$15,217.74","$15,516.13",see codebook
  psid_0587  ,34.0,12.0,1.0,0.0,1.0,0.0,"$15,674.13","$15,754.84","$17,732.72",see codebook
  psid_0588  ,21.0,13.0,0.0,0.0,1.0,0.0,"$15,674.13","$15,933.87","$25,121.35",see codebook
  PSID_0589 ,21.0,12.0,1.0,0.0,1.0,0.0,"$15,674.13","$16,112.90","$11,821.81",see codebook
  psid_0590  ,23.0,12.0,1.0,0.0,1.0,0.0,"$15,674.13","$16,202.42","$19,210.45",see codebook
  psid_0591  ,26.0,12.0,0.0,0.0,1.0,0.0,"$15,674.13","$16,470.97","$35,022.12",see codebook
  PSID_0592 ,28.0,14.0,0.0,0.0,1.0,0.0,"$15,674.13","$16,757.42","$16,254.99",see codebook
  psid_0593  ,26.0,17.0,0.0,0.0,1.0,0.0,"$15,674.13","$16,829.03","$19,210.45",see codebook
  psid_0594  ,20.0,14.0,0.0,0.0,0.0,0.0,"$15,674.13","$17,008.06","$26,599.08",see codebook
  PSID_0595 ,26.0,12.0,1.0,0.0,1.0,0.0,"$15,674.13","$17,983.79","$20,688.17",see codebook
  psid_0596  ,21.0,12.0,1.0,0.0,1.0,0.0,"$15,674.13","$19,693.55","$19,210.45",see codebook
  psid_0597  ,41.0,12.0,0.0,0.0,1.0,0.0,"$15,674.13","$19,693.55","$32,509.98",see codebook
  PSID_0598 ,28.0,16.0,0.0,0.0,1.0,0.0,"$15,674.13","$19,693.55","$28,815.67",see codebook
  psid_0599  ,23.0,16.0,0.0,0.0,0.0,0.0,"$15,674.13","$21,483.87","$26,599.08",see codebook
  psid_0600  ,22.0,12.0,0.0,0.0,1.0,0.0,"$15,674.13","$22,916.13","$31,771.12",see codebook
  PSID_0601 ,27.0,14.0,0.0,1.0,0.0,0.0,"$15,674.13","$23,274.19","$27,337.94",see codebook
  psid_0602  ,26.0,16.0,0.0,0.0,1.0,0.0,"$15,674.13","$23,274.19","$29,554.53",see codebook
  psid_0603  ,54.0,12.0,0.0,0.0,1.0,0.0,"$15,674.13","$25,064.52",$0.00,see codebook
  PSID_0604 ,54.0,12.0,0.0,0.0,1.0,0.0,"$15,674.13","$25,064.52",$0.00,see codebook
  psid_0605  ,54.0,12.0,1.0,0.0,0.0,0.0,"$15,674.13","$25,064.52","$20,688.17",see codebook
  psid_0606  ,37.0,16.0,0.0,0.0,0.0,0.0,"$15,674.13","$26,854.84","$29,258.99",see codebook
  PSID_0607 ,32.0,13.0,0.0,0.0,1.0,0.0,"$15,674.13","$30,435.48","$22,018.13",see codebook
  psid_0608  ,29.0,12.0,0.0,0.0,1.0,0.0,"$15,678.05","$17,487.87","$10,196.31",see codebook
  psid_0609  ,22.0,13.0,0.0,0.0,1.0,0.0,"$15,870.06","$15,826.45","$35,465.44",see codebook
  PSID_0610 ,23.0,12.0,1.0,0.0,1.0,0.0,"$15,870.06","$30,435.48","$27,781.26",see codebook
  psid_0611  ,36.0,12.0,0.0,0.0,1.0,0.0,"$15,873.98","$12,727.40","$17,444.56",see codebook
  psid_0612  ,21.0,13.0,0.0,0.0,1.0,0.0,"$15,960.19","$21,483.87","$14,777.27",see codebook
  PSID_0613 ,21.0,12.0,0.0,0.0,1.0,0.0,"$15,987.62","$16,291.93","$14,481.72",see codebook
  psid_0614  ,26.0,12.0,1.0,0.0,1.0,0.0,"$15,987.62","$17,903.23","$19,505.99",see codebook
  psid_0615  ,28.0,12.0,1.0,0.0,1.0,0.0,"$15,987.62","$19,693.55","$13,299.54",see codebook
  PSID_0616 ,43.0,12.0,0.0,0.0,1.0,0.0,"$15,989.58","$14,322.58","$14,777.27",see codebook
  psid_0617  ,27.0,12.0,1.0,0.0,1.0,0.0,"$16,011.13","$16,112.90","$20,460.60",see codebook
  psid_0618  ,36.0,17.0,0.0,0.0,0.0,0.0,"$16,015.05","$30,793.55","$29,584.09",see codebook
  PSID_0619 ,23.0,12.0,0.0,0.0,1.0,0.0,"$16,065.99","$4,833.87","$25,564.67",see codebook
  psid_0620  ,31.0,12.0,0.0,0.0,1.0,0.0,"$16,065.99","$15,038.71","$17,732.72",see codebook
  psid_0621  ,25.0,14.0,0.0,0.0,1.0,0.0,"$16,065.99","$15,217.74","$18,471.58",see codebook
  PSID_0622 ,35.0,12.0,1.0,0.0,1.0,0.0,"$16,065.99","$16,086.05","$19,210.45",see codebook
  psid_0623  ,23.0,16.0,0.0,0.0,1.0,0.0,"$16,065.99","$16,829.03","$20,688.17",see codebook
  psid_0624  ,21.0,12.0,0.0,0.0,1.0,0.0,"$16,065.99","$20,588.71","$28,815.67",see codebook
  PSID_0625 ,22.0,12.0,0.0,0.0,0.0,0.0,"$16,230.57","$9,846.77","$2,955.45",see codebook
  psid_0626  ,36.0,12.0,1.0,0.0,1.0,0.0,"$16,261.91","$21,304.84","$22,165.90",see codebook
  psid_0627  ,21.0,12.0,0.0,0.0,1.0,0.0,"$16,306.98","$18,529.84","$11,969.58",see codebook
  PSID_0628 ,28.0,12.0,0.0,0.0,1.0,0.0,"$16,393.19","$13,298.52",$0.00,see codebook
  psid_0629  ,24.0,12.0,0.0,1.0,1.0,0.0,"$16,457.84","$8,951.61","$21,870.35",see codebook
  psid_0630  ,30.0,12.0,0.0,0.0,0.0,0.0,"$16,457.84","$14,680.64","$15,146.70",see codebook
  PSID_0631 ,44.0,12.0,0.0,0.0,1.0,0.0,"$16,457.84","$16,112.90","$17,289.40",see codebook
  psid_0632  ,30.0,12.0,0.0,0.0,1.0,0.0,"$16,457.84","$16,650.00","$19,949.31",see codebook
  psid_0633  ,34.0,12.0,0.0,0.0,1.0,0.0,"$16,457.84","$16,829.03","$20,688.17",see codebook
  PSID_0634 ,26.0,16.0,0.0,0.0,1.0,0.0,"$16,457.84","$21,483.87","$40,637.48",see codebook
  psid_0635  ,23.0,16.0,0.0,0.0,1.0,0.0,"$16,457.84","$21,483.87","$18,471.58",see codebook
  psid_0636  ,20.0,12.0,0.0,0.0,0.0,0.0,"$16,497.03","$19,604.03","$19,653.76",see codebook
  PSID_0637 ,26.0,13.0,0.0,0.0,0.0,0.0,"$16,653.77","$3,580.65","$8,866.36",see codebook
  psid_0638  ,21.0,12.0,1.0,0.0,1.0,0.0,"$16,653.77","$9,846.77","$7,388.63",see codebook
  psid_0639  ,25.0,12.0,0.0,0.0,1.0,0.0,"$16,653.77","$12,181.36","$17,732.72",see codebook
  PSID_0640 ,23.0,15.0,0.0,0.0,1.0,0.0,"$16,653.77","$13,427.42","$16,993.86",see codebook
  psid_0641  ,25.0,12.0,1.0,0.0,0.0,0.0,"$16,653.77","$14,859.68","$22,904.76",see codebook
  psid_0642  ,28.0,16.0,0.0,0.0,1.0,0.0,"$16,653.77","$15,396.77","$17,437.17",see codebook
  PSID_0643 ,38.0,14.0,0.0,0.0,1.0,0.0,"$16,653.77","$16,112.90","$19,505.99",see codebook
  psid_0644  ,29.0,17.0,0.0,0.0,1.0,0.0,"$16,653.77","$16,112.90","$17,732.72",see codebook
  psid_0645  ,24.0,17.0,0.0,0.0,1.0,0.0,"$16,653.77","$16,650.00","$20,688.17",see codebook
  PSID_0646 ,25.0,16.0,1.0,0.0,1.0,0.0,"$16,653.77","$17,008.06","$21,870.35",see codebook
  psid_0647  ,55.0,12.0,0.0,0.0,1.0,0.0,"$16,653.77","$17,545.16","$16,254.99",see codebook
  psid_0648  ,30.0,14.0,0.0,0.0,1.0,0.0,"$16,653.77","$17,545.16",$0.00,see codebook
  PSID_0649 ,21.0,12.0,0.0,0.0,0.0,0.0,"$16,653.77","$17,903.23","$19,210.45",see codebook
  psid_0650  ,26.0,12.0,0.0,0.0,1.0,0.0,"$16,653.77","$17,903.23","$17,732.72",see codebook
  psid_0651  ,34.0,12.0,0.0,0.0,1.0,0.0,"$16,653.77","$19,532.42","$16,254.99",see codebook
  PSID_0652 ,22.0,12.0,0.0,0.0,1.0,0.0,"$16,653.77","$19,693.55","$26,007.99",see codebook
  psid_0653  ,22.0,16.0,0.0,0.0,0.0,0.0,"$16,653.77","$22,737.10","$37,682.03",see codebook
  psid_0654  ,27.0,15.0,0.0,0.0,0.0,0.0,"$16,653.77","$23,274.19","$23,643.62",see codebook
  PSID_0655 ,26.0,12.0,0.0,0.0,0.0,0.0,"$16,653.77","$23,274.19","$2,955.45",see codebook
  psid_0656  ,26.0,16.0,0.0,0.0,1.0,0.0,"$16,653.77","$24,706.45","$29,554.53",see codebook
  psid_0657  ,24.0,14.0,1.0,0.0,1.0,0.0,"$16,653.77","$28,466.13","$40,637.48",see codebook
  PSID_0658 ,26.0,14.0,1.0,0.0,0.0,0.0,"$16,667.48","$21,483.87","$28,815.67",see codebook
  psid_0659  ,23.0,12.0,1.0,0.0,1.0,0.0,"$16,708.63","$10,491.29","$7,565.96",see codebook
  psid_0660  ,28.0,14.0,0.0,0.0,0.0,0.0,"$16,849.70","$12,174.19","$1,921.04",see codebook
  PSID_0661 ,21.0,12.0,0.0,0.0,1.0,0.0,"$16,849.70","$15,396.77",$0.00,see codebook
  psid_0662  ,30.0,12.0,0.0,0.0,1.0,0.0,"$16,849.70","$17,366.13","$18,978.44",see codebook
  psid_0663  ,24.0,12.0,0.0,0.0,1.0,0.0,"$16,849.70","$18,619.36","$25,121.35",see codebook
  PSID_0664 ,51.0,12.0,0.0,0.0,1.0,0.0,"$16,849.70","$19,693.55","$17,732.72",see codebook
  psid_0665  ,21.0,14.0,0.0,0.0,0.0,0.0,"$16,849.70","$19,693.55","$35,465.44",see codebook
  psid_0666  ,22.0,14.0,1.0,0.0,1.0,0.0,"$16,849.70","$21,125.81","$24,086.94",see codebook
  PSID_0667 ,24.0,12.0,0.0,0.0,1.0,0.0,"$16,884.96","$9,311.47","$23,080.61",see codebook
  psid_0668  ,23.0,15.0,0.0,0.0,1.0,0.0,"$16,955.49","$20,844.73","$25,514.43",see codebook
  psid_0669  ,26.0,14.0,0.0,0.0,1.0,0.0,"$17,045.62","$25,064.52","$38,716.44",see codebook
  PSID_0670 ,45.0,12.0,0.0,0.0,1.0,0.0,"$17,104.40","$16,381.45","$18,176.04",see codebook
  psid_0671  ,46.0,13.0,0.0,0.0,1.0,0.0,"$17,241.55","$15,754.84","$14,777.27",see codebook
  psid_0672  ,29.0,12.0,0.0,0.0,1.0,0.0,"$17,241.55","$19,686.39","$33,544.39",see codebook
  PSID_0673 ,26.0,14.0,0.0,0.0,1.0,0.0,"$17,241.55","$20,588.71","$24,530.26",see codebook
  psid_0674  ,27.0,16.0,0.0,0.0,1.0,0.0,"$17,241.55","$24,885.48","$22,165.90",see codebook
  psid_0675  ,26.0,14.0,0.0,0.0,1.0,0.0,"$17,437.47","$7,161.29","$14,771.36",see codebook
  PSID_0676 ,20.0,15.0,0.0,0.0,1.0,0.0,"$17,437.47","$8,056.45","$18,471.58",see codebook
  psid_0677  ,23.0,12.0,0.0,0.0,1.0,0.0,"$17,437.47","$12,532.26","$21,427.04",see codebook
  psid_0678  ,30.0,16.0,0.0,0.0,1.0,0.0,"$17,437.47","$17,867.42","$15,516.13",see codebook
  PSID_0679 ,24.0,12.0,0.0,0.0,1.0,0.0,"$17,437.47","$22,379.03","$16,254.99",see codebook
  psid_0680  ,23.0,12.0,0.0,0.0,1.0,0.0,"$17,633.40",$0.00,"$23,643.62",see codebook
  psid_0681  ,34.0,12.0,0.0,0.0,1.0,0.0,"$17,633.40",$0.00,$0.00,see codebook
  PSID_0682 ,24.0,12.0,0.0,1.0,1.0,0.0,"$17,633.40","$4,848.19","$22,165.90",see codebook
  psid_0683  ,43.0,12.0,1.0,0.0,1.0,0.0,"$17,633.40","$10,741.93","$21,858.53",see codebook
  psid_0684  ,28.0,14.0,1.0,0.0,1.0,0.0,"$17,633.40","$12,532.26","$16,254.99",see codebook
  PSID_0685 ,20.0,12.0,0.0,0.0,1.0,0.0,"$17,633.40","$15,217.74","$28,815.67",see codebook
  psid_0686  ,23.0,12.0,1.0,0.0,1.0,0.0,"$17,633.40","$15,217.74","$15,516.13",see codebook
  psid_0687  ,27.0,14.0,1.0,0.0,1.0,0.0,"$17,633.40","$16,112.90","$26,599.08",see codebook
  PSID_0688 ,53.0,12.0,0.0,0.0,1.0,0.0,"$17,633.40","$16,112.90","$19,210.45",see codebook
  psid_0689  ,28.0,16.0,0.0,0.0,1.0,0.0,"$17,633.40","$16,112.90","$22,165.90",see codebook
  psid_0690  ,26.0,12.0,0.0,0.0,1.0,0.0,"$17,633.40","$16,112.90","$25,121.35",see codebook
  PSID_0691 ,25.0,15.0,0.0,0.0,1.0,0.0,"$17,633.40","$16,112.90","$18,619.36",see codebook
  psid_0692  ,29.0,14.0,0.0,0.0,1.0,0.0,"$17,633.40","$17,187.10","$19,699.57",see codebook
  psid_0693  ,26.0,12.0,1.0,0.0,1.0,0.0,"$17,633.40","$17,416.26","$23,643.62",see codebook
  PSID_0694 ,55.0,16.0,0.0,0.0,1.0,0.0,"$17,633.40","$17,903.23","$22,165.90",see codebook
  psid_0695  ,22.0,12.0,0.0,1.0,1.0,0.0,"$17,633.40","$17,903.23","$14,777.27",see codebook
  psid_0696  ,33.0,12.0,0.0,0.0,1.0,0.0,"$17,633.40","$17,903.23","$15,811.67",see codebook
  PSID_0697 ,34.0,14.0,0.0,1.0,1.0,0.0,"$17,633.40","$17,903.23","$8,866.36",see codebook
  psid_0698  ,24.0,12.0,0.0,0.0,1.0,0.0,"$17,633.40","$18,440.32","$19,949.31",see codebook
  psid_0699  ,24.0,12.0,0.0,0.0,1.0,0.0,"$17,633.40","$18,750.05","$32,509.98",see codebook
  PSID_0700 ,26.0,12.0,1.0,0.0,1.0,0.0,"$17,633.40","$18,798.39","$18,471.58",see codebook
  psid_0701  ,45.0,12.0,0.0,0.0,1.0,0.0,"$17,633.40","$18,798.39","$19,949.31",see codebook
  psid_0702  ,22.0,12.0,0.0,0.0,1.0,0.0,"$17,633.40","$19,693.55","$23,643.62",see codebook
  PSID_0703 ,55.0,14.0,0.0,0.0,1.0,0.0,"$17,633.40","$19,693.55","$2,068.82",see codebook
  psid_0704  ,24.0,12.0,0.0,0.0,1.0,0.0,"$17,633.40","$19,693.55","$11,526.27",see codebook
  psid_0705  ,23.0,12.0,0.0,0.0,1.0,0.0,"$17,633.40","$21,546.53","$4,433.18",see codebook
  PSID_0706 ,24.0,13.0,1.0,0.0,0.0,0.0,"$17,633.40","$25,064.52","$22,165.90",see codebook
  psid_0707  ,31.0,13.0,0.0,0.0,1.0,0.0,"$17,633.40","$25,064.52","$23,643.62",see codebook
  psid_0708  ,43.0,12.0,0.0,0.0,1.0,0.0,"$17,633.40","$26,854.84","$28,076.80",see codebook
  PSID_0709 ,43.0,12.0,0.0,0.0,1.0,0.0,"$17,633.40","$26,854.84","$28,076.80",see codebook
  psid_0710  ,23.0,12.0,1.0,0.0,1.0,0.0,"$17,672.59","$14,322.58","$12,294.68",see codebook
  psid_0711  ,22.0,12.0,0.0,0.0,1.0,0.0,"$17,703.94","$12,532.26","$20,688.17",see codebook
  PSID_0712 ,30.0,12.0,1.0,0.0,1.0,0.0,"$17,760.75","$17,366.13","$19,210.45",see codebook
  psid_0713  ,28.0,12.0,0.0,0.0,0.0,0.0,"$17,829.33","$5,012.90","$16,240.21",see codebook
  psid_0714  ,28.0,12.0,0.0,0.0,1.0,0.0,"$17,829.33","$11,100.00","$20,688.17",see codebook
  PSID_0715 ,21.0,12.0,0.0,0.0,0.0,0.0,"$17,829.33","$12,945.82","$26,599.08",see codebook
  psid_0716  ,28.0,13.0,0.0,0.0,1.0,0.0,"$17,876.35","$15,396.77","$22,452.58",see codebook
  psid_0717  ,25.0,14.0,0.0,0.0,1.0,0.0,"$17,939.05","$14,322.58","$9,974.65",see codebook
  PSID_0718 ,54.0,12.0,0.0,0.0,1.0,0.0,"$18,025.26","$18,798.39","$23,643.62",see codebook
  psid_0719  ,26.0,16.0,0.0,0.0,1.0,0.0,"$18,025.26","$19,872.58","$20,983.72",see codebook
  psid_0720  ,26.0,16.0,0.0,0.0,1.0,0.0,"$18,025.26","$23,274.19","$28,076.80",see codebook
  PSID_0721 ,49.0,13.0,0.0,0.0,1.0,0.0,"$18,221.18","$17,903.23","$17,732.72",see codebook
  psid_0722  ,21.0,13.0,1.0,0.0,0.0,0.0,"$18,221.18","$21,125.81","$21,870.35",see codebook
  psid_0723  ,26.0,16.0,0.0,0.0,1.0,0.0,"$18,221.18","$22,379.03","$18,471.58",see codebook
  PSID_0724 ,30.0,12.0,1.0,0.0,1.0,0.0,"$18,338.74","$25,422.58","$22,165.90",see codebook
  psid_0725  ,21.0,13.0,0.0,0.0,1.0,0.0,"$18,417.11","$8,951.61","$27,337.94",see codebook
  psid_0726  ,33.0,12.0,0.0,0.0,1.0,0.0,"$18,417.11","$12,890.32","$20,688.17",see codebook
  PSID_0727 ,33.0,12.0,0.0,0.0,1.0,0.0,"$18,417.11","$14,412.10","$20,688.17",see codebook
  psid_0728  ,40.0,12.0,0.0,0.0,1.0,0.0,"$18,417.11","$17,545.16","$17,289.40",see codebook
  psid_0729  ,27.0,16.0,0.0,0.0,1.0,0.0,"$18,417.11","$18,798.39","$25,860.21",see codebook
  PSID_0730 ,21.0,12.0,0.0,0.0,1.0,0.0,"$18,417.11","$19,693.55","$28,224.58",see codebook
  psid_0731  ,31.0,12.0,0.0,0.0,1.0,0.0,"$18,593.44","$14,814.92","$16,254.99",see codebook
  psid_0732  ,27.0,14.0,1.0,0.0,1.0,0.0,"$18,613.04",$0.00,"$13,299.54",see codebook
  PSID_0733 ,47.0,17.0,0.0,0.0,1.0,0.0,"$18,613.04","$10,025.81","$35,465.44",see codebook
  psid_0734  ,32.0,12.0,1.0,0.0,1.0,0.0,"$18,613.04","$16,112.90","$17,732.72",see codebook
  psid_0735  ,28.0,12.0,1.0,0.0,0.0,0.0,"$18,613.04","$17,008.06","$19,949.31",see codebook
  PSID_0736 ,35.0,14.0,0.0,0.0,1.0,0.0,"$18,613.04","$19,693.55","$22,424.50",see codebook
  psid_0737  ,26.0,14.0,0.0,0.0,1.0,0.0,"$18,613.04","$19,693.55","$28,076.80",see codebook
  psid_0738  ,37.0,12.0,0.0,0.0,1.0,0.0,"$18,613.04","$21,483.87","$23,052.54",see codebook
  PSID_0739 ,23.0,12.0,0.0,0.0,0.0,0.0,"$18,613.04","$23,274.19","$32,953.30",see codebook
  psid_0740  ,44.0,12.0,1.0,0.0,1.0,0.0,"$18,613.04","$23,632.26","$19,210.45",see codebook
  psid_0741  ,44.0,12.0,1.0,0.0,1.0,0.0,"$18,613.04","$23,632.26","$19,210.45",see codebook
  PSID_0742 ,36.0,12.0,1.0,0.0,1.0,0.0,"$18,613.04","$25,064.52","$33,692.16",see codebook
  psid_0743  ,26.0,12.0,0.0,0.0,1.0,0.0,"$18,677.69","$18,261.29","$24,973.58",see codebook
  psid_0744  ,23.0,14.0,0.0,0.0,1.0,0.0,"$18,722.75","$21,662.90","$28,076.80",see codebook
  PSID_0745 ,32.0,13.0,1.0,0.0,1.0,0.0,"$18,808.96","$14,143.55","$26,599.08",see codebook
  psid_0746  ,33.0,12.0,0.0,0.0,0.0,0.0,"$18,808.96","$16,028.76","$17,502.19",see codebook
  psid_0747  ,37.0,12.0,1.0,0.0,1.0,0.0,"$18,808.96","$16,112.90","$32,509.98",see codebook
  PSID_0748 ,27.0,12.0,0.0,0.0,1.0,0.0,"$18,808.96","$17,187.10","$19,505.99",see codebook
  psid_0749  ,43.0,12.0,0.0,0.0,1.0,0.0,"$18,808.96","$17,903.23","$26,155.76",see codebook
  psid_0750  ,27.0,16.0,0.0,0.0,1.0,0.0,"$18,808.96","$17,903.23","$18,471.58",see codebook
  PSID_0751 ,24.0,12.0,0.0,0.0,1.0,0.0,"$18,808.96","$17,903.23","$18,323.81",see codebook
  psid_0752  ,24.0,12.0,0.0,0.0,1.0,0.0,"$18,808.96","$18,798.39","$23,052.54",see codebook
  psid_0753  ,34.0,12.0,1.0,0.0,0.0,0.0,"$18,848.15","$30,435.48","$12,560.68",see codebook
  PSID_0754 ,42.0,12.0,0.0,0.0,1.0,0.0,"$18,879.49","$17,008.06","$19,210.45",see codebook
  psid_0755  ,24.0,13.0,1.0,0.0,1.0,0.0,"$18,881.45","$16,112.90","$12,560.68",see codebook
  psid_0756  ,27.0,12.0,0.0,0.0,1.0,0.0,"$18,924.56","$11,995.16","$22,165.90",see codebook
  PSID_0757 ,23.0,12.0,1.0,0.0,1.0,0.0,"$19,004.89","$13,427.42","$13,299.54",see codebook
  psid_0758  ,26.0,16.0,0.0,0.0,1.0,0.0,"$19,004.89","$16,112.90","$26,599.08",see codebook
  psid_0759  ,27.0,12.0,1.0,0.0,1.0,0.0,"$19,004.89","$19,693.55","$19,210.45",see codebook
  PSID_0760 ,37.0,12.0,1.0,0.0,1.0,0.0,"$19,004.89","$25,959.68","$25,860.21",see codebook
  psid_0761  ,37.0,12.0,0.0,0.0,1.0,0.0,"$19,016.64","$20,893.06","$16,993.86",see codebook
  psid_0762  ,26.0,12.0,0.0,1.0,1.0,0.0,"$19,055.83",$0.00,"$13,299.54",see codebook
  PSID_0763 ,23.0,12.0,0.0,0.0,1.0,0.0,"$19,096.97","$20,683.60","$16,993.86",see codebook
  psid_0764  ,26.0,13.0,0.0,0.0,1.0,0.0,"$19,200.81","$14,680.64","$18,471.58",see codebook
  psid_0765  ,27.0,16.0,0.0,0.0,1.0,0.0,"$19,200.81","$17,688.39",$0.00,see codebook
  PSID_0766 ,27.0,12.0,0.0,0.0,0.0,0.0,"$19,200.81","$19,514.52","$23,643.62",see codebook
  psid_0767  ,29.0,14.0,0.0,0.0,1.0,0.0,"$19,200.81","$21,483.87","$23,052.54",see codebook
  psid_0768  ,25.0,16.0,0.0,0.0,1.0,0.0,"$19,200.81","$22,558.06","$33,396.62",see codebook
  PSID_0769 ,26.0,12.0,0.0,0.0,1.0,0.0,"$19,263.51","$13,024.60","$24,627.79",see codebook
  psid_0770  ,22.0,14.0,0.0,0.0,1.0,0.0,"$19,279.19","$17,616.77","$17,289.40",see codebook
  psid_0771  ,28.0,12.0,0.0,0.0,1.0,0.0,"$19,298.78",$0.00,"$29,554.53",see codebook
  PSID_0772 ,46.0,12.0,0.0,0.0,1.0,0.0,"$19,394.78","$19,201.21","$20,431.05",see codebook
  psid_0773  ,33.0,17.0,0.0,0.0,0.0,0.0,"$19,396.74",$0.00,"$1,539.79",see codebook
  psid_0774  ,23.0,12.0,0.0,0.0,1.0,0.0,"$19,396.74","$12,532.26","$25,121.35",see codebook
  PSID_0775 ,23.0,12.0,0.0,0.0,1.0,0.0,"$19,396.74","$12,532.26",$0.00,see codebook
  psid_0776  ,23.0,13.0,0.0,0.0,1.0,0.0,"$19,396.74","$17,903.23","$31,032.26",see codebook
  psid_0777  ,26.0,16.0,0.0,0.0,1.0,0.0,"$19,396.74","$25,780.64","$25,564.67",see codebook
  PSID_0778 ,24.0,16.0,1.0,0.0,0.0,0.0,"$19,494.71","$15,217.74","$23,643.62",see codebook
  psid_0779  ,37.0,12.0,1.0,0.0,1.0,0.0,"$19,586.79","$12,030.97","$14,777.27",see codebook
  psid_0780  ,50.0,16.0,0.0,0.0,0.0,0.0,"$19,592.67",$0.00,"$23,643.62",see codebook
  PSID_0781 ,26.0,13.0,0.0,0.0,1.0,0.0,"$19,592.67",$0.00,"$23,643.62",see codebook
  psid_0782  ,21.0,12.0,1.0,0.0,0.0,0.0,"$19,592.67",$716.13,"$22,165.90",see codebook
  psid_0783  ,25.0,12.0,1.0,0.0,1.0,0.0,"$19,592.67","$5,370.97","$24,642.57",see codebook
  PSID_0784 ,24.0,13.0,1.0,0.0,1.0,0.0,"$19,592.67","$11,637.10","$18,442.03",see codebook
  psid_0785  ,24.0,12.0,1.0,0.0,0.0,0.0,"$19,592.67","$11,995.16","$19,210.45",see codebook
  psid_0786  ,32.0,14.0,1.0,0.0,1.0,0.0,"$19,592.67","$12,335.32","$14,777.27",see codebook
  PSID_0787 ,27.0,16.0,0.0,0.0,1.0,0.0,"$19,592.67","$12,532.26","$17,720.90",see codebook
  psid_0788  ,21.0,12.0,0.0,1.0,1.0,0.0,"$19,592.67","$12,532.26","$17,732.72",see codebook
  psid_0789  ,24.0,16.0,0.0,0.0,1.0,0.0,"$19,592.67","$12,890.32","$31,032.26",see codebook
  PSID_0790 ,45.0,14.0,0.0,0.0,1.0,0.0,"$19,592.67","$13,606.45","$17,732.72",see codebook
  psid_0791  ,38.0,12.0,0.0,0.0,1.0,0.0,"$19,592.67","$13,964.52","$16,286.03",see codebook
  psid_0792  ,27.0,15.0,0.0,0.0,1.0,0.0,"$19,592.67","$14,859.68","$23,643.62",see codebook
  PSID_0793 ,20.0,12.0,1.0,0.0,1.0,0.0,"$19,592.67","$16,709.08","$12,708.45",see codebook
  psid_0794  ,23.0,12.0,1.0,0.0,1.0,0.0,"$19,592.67","$17,008.06","$22,165.90",see codebook
  psid_0795  ,33.0,12.0,0.0,0.0,1.0,0.0,"$19,592.67","$17,008.06","$25,014.96",see codebook
  PSID_0796 ,24.0,13.0,0.0,0.0,1.0,0.0,"$19,592.67","$17,187.10","$22,313.67",see codebook
  psid_0797  ,44.0,12.0,0.0,0.0,1.0,0.0,"$19,592.67","$17,187.10","$15,368.36",see codebook
  psid_0798  ,34.0,12.0,1.0,0.0,1.0,0.0,"$19,592.67","$17,366.13","$19,210.45",see codebook
  PSID_0799 ,23.0,12.0,1.0,0.0,1.0,0.0,"$19,592.67","$17,366.13","$14,777.27",see codebook
  psid_0800  ,27.0,12.0,1.0,0.0,1.0,0.0,"$19,592.67","$17,724.19","$25,121.35",see codebook
  psid_0801  ,25.0,16.0,0.0,0.0,1.0,0.0,"$19,592.67","$17,903.23","$25,712.44",see codebook
  PSID_0802 ,22.0,12.0,0.0,0.0,1.0,0.0,"$19,592.67","$17,903.23","$23,643.62",see codebook
  psid_0803  ,24.0,16.0,0.0,0.0,0.0,0.0,"$19,592.67","$17,903.23","$16,993.86",see codebook
  psid_0804  ,23.0,12.0,0.0,0.0,1.0,0.0,"$19,592.67","$17,903.23","$16,254.99",see codebook
  PSID_0805 ,31.0,16.0,0.0,0.0,1.0,0.0,"$19,592.67","$17,903.23","$17,732.72",see codebook
  psid_0806  ,23.0,12.0,1.0,0.0,1.0,0.0,"$19,592.67","$17,903.23","$26,599.08",see codebook
  psid_0807  ,27.0,12.0,0.0,0.0,1.0,0.0,"$19,592.67","$18,082.26","$32,657.76",see codebook
  PSID_0808 ,20.0,12.0,1.0,0.0,1.0,0.0,"$19,592.67","$18,619.36","$23,643.62",see codebook
  psid_0809  ,20.0,12.0,0.0,0.0,1.0,0.0,"$19,592.67","$18,798.39","$17,732.72",see codebook
  psid_0810  ,52.0,15.0,0.0,0.0,1.0,0.0,"$19,592.67","$18,798.39","$17,437.17",see codebook
  PSID_0811 ,33.0,16.0,0.0,0.0,1.0,0.0,"$19,592.67","$19,335.48","$26,599.08",see codebook
  psid_0812  ,40.0,12.0,0.0,0.0,1.0,0.0,"$19,592.67","$19,335.48","$21,279.26",see codebook
  psid_0813  ,31.0,12.0,1.0,0.0,1.0,0.0,"$19,592.67","$19,466.18","$20,259.63",see codebook
  PSID_0814 ,35.0,12.0,0.0,0.0,1.0,0.0,"$19,592.67","$19,693.55","$22,535.33",see codebook
  psid_0815  ,33.0,12.0,0.0,0.0,0.0,0.0,"$19,592.67","$19,693.55","$13,299.54",see codebook
  psid_0816  ,22.0,12.0,0.0,0.0,1.0,0.0,"$19,592.67","$19,693.55","$17,732.72",see codebook
  PSID_0817 ,29.0,16.0,1.0,0.0,1.0,0.0,"$19,592.67","$20,588.71","$42,854.07",see codebook
  psid_0818  ,26.0,12.0,0.0,0.0,1.0,0.0,"$19,592.67","$21,125.81","$21,982.66",see codebook
  psid_0819  ,23.0,12.0,0.0,0.0,1.0,0.0,"$19,592.67","$21,215.32","$24,884.92",see codebook
  PSID_0820 ,30.0,12.0,0.0,0.0,1.0,0.0,"$19,592.67","$21,483.87","$23,348.08",see codebook
  psid_0821  ,43.0,12.0,0.0,0.0,1.0,0.0,"$19,592.67","$21,483.87","$22,165.90",see codebook
  psid_0822  ,43.0,12.0,0.0,0.0,1.0,0.0,"$19,592.67","$21,483.87","$22,165.90",see codebook
  PSID_0823 ,31.0,12.0,0.0,0.0,1.0,0.0,"$19,592.67","$21,483.87","$25,121.35",see codebook
  psid_0824  ,23.0,12.0,0.0,0.0,1.0,0.0,"$19,592.67","$21,483.87","$20,688.17",see codebook
  psid_0825  ,23.0,13.0,0.0,0.0,1.0,0.0,"$19,592.67","$21,483.87","$21,279.26",see codebook
  PSID_0826 ,28.0,16.0,0.0,0.0,1.0,0.0,"$19,592.67","$21,483.87","$32,509.98",see codebook
  psid_0827  ,30.0,12.0,0.0,0.0,1.0,0.0,"$19,592.67","$21,483.87","$29,554.53",see codebook
  psid_0828  ,53.0,12.0,1.0,0.0,1.0,0.0,"$19,592.67","$21,483.87","$23,643.62",see codebook
  PSID_0829 ,32.0,12.0,0.0,0.0,1.0,0.0,"$19,592.67","$21,483.87","$29,554.53",see codebook
  psid_0830  ,43.0,12.0,0.0,0.0,1.0,0.0,"$19,592.67","$21,739.89","$29,338.78",see codebook
  psid_0831  ,43.0,12.0,0.0,0.0,1.0,0.0,"$19,592.67","$21,739.89","$29,338.78",see codebook
  PSID_0832 ,37.0,17.0,0.0,0.0,0.0,0.0,"$19,592.67","$23,005.64","$22,165.90",see codebook
  psid_0833  ,23.0,12.0,1.0,0.0,1.0,0.0,"$19,592.67","$23,274.19","$21,427.04",see codebook
  psid_0834  ,28.0,12.0,1.0,0.0,1.0,0.0,"$19,592.67","$24,169.36","$25,860.21",see codebook
  PSID_0835 ,27.0,14.0,1.0,0.0,0.0,0.0,"$19,592.67","$25,064.52","$28,815.67",see codebook
  psid_0836  ,46.0,12.0,0.0,0.0,0.0,0.0,"$19,592.67","$25,064.52","$29,554.53",see codebook
  psid_0837  ,30.0,12.0,1.0,0.0,1.0,0.0,"$19,592.67","$26,854.84","$25,897.16",see codebook
  PSID_0838 ,35.0,17.0,0.0,0.0,1.0,0.0,"$19,592.67","$44,758.07","$36,943.16",see codebook
  psid_0839  ,26.0,15.0,0.0,0.0,1.0,0.0,"$19,596.59","$19,335.48","$23,643.62",see codebook
  psid_0840  ,25.0,12.0,0.0,0.0,1.0,0.0,"$19,641.65","$8,736.77","$23,643.62",see codebook
  PSID_0841 ,24.0,12.0,0.0,0.0,1.0,0.0,"$19,706.30","$6,624.19","$25,121.35",see codebook
  psid_0842  ,22.0,14.0,0.0,0.0,1.0,0.0,"$19,727.86","$20,141.13","$22,284.12",see codebook
  psid_0843  ,27.0,13.0,0.0,0.0,1.0,0.0,"$19,735.70","$20,051.61","$36,943.16",see codebook
  PSID_0844 ,36.0,12.0,1.0,0.0,1.0,0.0,"$19,749.41","$25,064.52","$23,643.62",see codebook
  psid_0845  ,35.0,13.0,0.0,0.0,1.0,0.0,"$19,788.60","$21,269.03","$14,777.27",see codebook
  psid_0846  ,34.0,12.0,1.0,0.0,1.0,0.0,"$19,788.60","$23,274.19","$31,032.26",see codebook
  PSID_0847 ,28.0,14.0,0.0,0.0,1.0,0.0,"$19,984.52","$12,532.26","$31,032.26",see codebook
  psid_0848  ,18.0,12.0,0.0,0.0,1.0,0.0,"$19,984.52","$23,274.19","$26,599.08",see codebook
  psid_0849  ,21.0,12.0,0.0,0.0,1.0,0.0,"$20,068.77","$21,215.32","$56,892.47",see codebook
  PSID_0850 ,28.0,16.0,1.0,0.0,1.0,0.0,"$20,082.48","$19,335.48","$21,279.26",see codebook
  psid_0851  ,24.0,14.0,0.0,0.0,1.0,0.0,"$20,141.26",$0.00,$0.00,see codebook
  psid_0852  ,30.0,12.0,0.0,0.0,1.0,0.0,"$20,180.45","$15,754.84","$33,987.71",see codebook
  PSID_0853 ,42.0,12.0,0.0,0.0,1.0,0.0,"$20,180.45","$17,455.64",$0.00,see codebook
  psid_0854  ,24.0,12.0,0.0,0.0,1.0,0.0,"$20,180.45","$19,693.55","$29,554.53",see codebook
  psid_0855  ,40.0,12.0,0.0,0.0,1.0,0.0,"$20,180.45","$19,693.55","$17,732.72",see codebook
  PSID_0856 ,25.0,17.0,0.0,0.0,1.0,0.0,"$20,180.45","$21,036.29","$22,904.76",see codebook
  psid_0857  ,27.0,17.0,0.0,0.0,1.0,0.0,"$20,180.45","$21,578.76","$28,520.12",see codebook
  psid_0858  ,24.0,16.0,0.0,0.0,1.0,0.0,"$20,200.04","$17,903.23","$42,854.07",see codebook
  PSID_0859 ,25.0,16.0,1.0,0.0,0.0,0.0,"$20,233.35","$19,335.48","$23,052.54",see codebook
  psid_0860  ,53.0,16.0,0.0,0.0,1.0,0.0,"$20,343.07","$20,112.48","$19,930.10",see codebook
  psid_0861  ,28.0,12.0,0.0,0.0,1.0,0.0,"$20,376.38","$17,903.23","$32,509.98",see codebook
  PSID_0862 ,20.0,12.0,0.0,0.0,1.0,0.0,"$20,376.38","$18,655.16","$16,993.86",see codebook
  psid_0863  ,26.0,12.0,0.0,0.0,1.0,0.0,"$20,376.38","$20,946.77","$22,165.90",see codebook
  psid_0864  ,33.0,12.0,0.0,0.0,1.0,0.0,"$20,503.73","$21,483.87","$20,688.17",see codebook
  PSID_0865 ,24.0,14.0,0.0,0.0,0.0,0.0,"$20,572.30","$11,637.10","$12,412.90",see codebook
  psid_0866  ,38.0,12.0,1.0,0.0,0.0,0.0,"$20,572.30","$14,322.58","$16,254.99",see codebook
  psid_0867  ,27.0,12.0,0.0,0.0,1.0,0.0,"$20,572.30","$17,545.16","$24,530.26",see codebook
  PSID_0868 ,27.0,16.0,0.0,0.0,1.0,0.0,"$20,572.30","$18,619.36","$88,663.59",see codebook
  psid_0869  ,31.0,13.0,0.0,0.0,1.0,0.0,"$20,572.30","$18,798.39","$29,554.53",see codebook
  psid_0870  ,26.0,15.0,0.0,0.0,1.0,0.0,"$20,572.30","$18,798.39","$23,643.62",see codebook
  PSID_0871 ,28.0,16.0,0.0,0.0,1.0,0.0,"$20,572.30","$18,798.39","$22,165.90",see codebook
  psid_0872  ,26.0,17.0,0.0,0.0,1.0,0.0,"$20,572.30","$18,977.42","$35,465.44",see codebook
  psid_0873  ,52.0,12.0,0.0,0.0,1.0,0.0,"$20,572.30","$18,977.42","$20,688.17",see codebook
  PSID_0874 ,25.0,12.0,0.0,0.0,1.0,0.0,"$20,572.30","$20,588.71","$22,461.44",see codebook
  psid_0875  ,24.0,12.0,0.0,0.0,1.0,0.0,"$20,572.30","$20,767.74","$22,165.90",see codebook
  psid_0876  ,41.0,12.0,0.0,0.0,1.0,0.0,"$20,572.30","$21,483.87","$25,310.50",see codebook
  PSID_0877 ,40.0,12.0,0.0,0.0,1.0,0.0,"$20,572.30","$24,772.69","$32,586.83",see codebook
  psid_0878  ,40.0,12.0,0.0,0.0,1.0,0.0,"$20,572.30","$24,772.69","$32,586.83",see codebook
  psid_0879  ,32.0,13.0,0.0,0.0,1.0,0.0,"$20,572.30","$25,064.52","$7,388.63",see codebook
  PSID_0880 ,24.0,12.0,1.0,0.0,1.0,0.0,"$20,572.30","$25,959.68","$31,032.26",see codebook
  psid_0881  ,46.0,12.0,1.0,0.0,1.0,0.0,"$20,572.30","$32,225.81","$7,882.19",see codebook
  psid_0882  ,31.0,13.0,0.0,0.0,1.0,0.0,"$20,572.30","$33,658.07","$31,032.26",see codebook
  PSID_0883 ,25.0,15.0,0.0,0.0,0.0,0.0,"$20,738.84","$21,483.87","$39,011.98",see codebook
  psid_0884  ,29.0,12.0,0.0,0.0,1.0,0.0,"$20,768.23",$0.00,"$44,331.80",see codebook
  psid_0885  ,25.0,14.0,0.0,0.0,0.0,0.0,"$20,768.23","$14,322.58","$17,437.17",see codebook
  PSID_0886 ,42.0,16.0,0.0,0.0,1.0,0.0,"$20,768.23","$19,693.55","$22,165.90",see codebook
  psid_0887  ,24.0,12.0,0.0,0.0,1.0,0.0,"$20,768.23","$23,274.19","$27,485.71",see codebook
  psid_0888  ,25.0,14.0,1.0,0.0,1.0,0.0,"$20,768.23","$23,274.19","$26,303.53",see codebook
  PSID_0889 ,44.0,12.0,0.0,0.0,1.0,0.0,"$20,895.58","$12,174.19","$20,963.03",see codebook
  psid_0890  ,27.0,12.0,0.0,0.0,0.0,0.0,"$20,964.15","$18,440.32","$23,348.08",see codebook
  psid_0891  ,28.0,14.0,0.0,0.0,1.0,0.0,"$20,964.15","$20,588.71","$28,446.24",see codebook
  PSID_0892 ,33.0,16.0,0.0,0.0,1.0,0.0,"$20,964.15","$21,483.87","$22,018.13",see codebook
  psid_0893  ,25.0,16.0,0.0,0.0,1.0,0.0,"$20,964.15","$24,706.45","$26,229.65",see codebook
  psid_0894  ,26.0,12.0,1.0,0.0,1.0,0.0,"$21,116.98","$22,379.03","$25,121.35",see codebook
  PSID_0895 ,39.0,12.0,0.0,0.0,1.0,0.0,"$21,138.53","$20,366.71","$15,049.17",see codebook
  psid_0896  ,31.0,14.0,0.0,0.0,1.0,0.0,"$21,140.49","$20,141.13","$19,653.76",see codebook
  psid_0897  ,31.0,14.0,0.0,0.0,1.0,0.0,"$21,140.49","$20,141.13","$19,653.76",see codebook
  PSID_0898 ,23.0,13.0,1.0,0.0,1.0,0.0,"$21,160.08","$17,903.23","$23,643.62",see codebook
  psid_0899  ,42.0,12.0,0.0,0.0,1.0,0.0,"$21,160.08","$21,483.87","$12,232.62",see codebook
  psid_0900  ,36.0,14.0,0.0,0.0,1.0,0.0,"$21,160.08","$23,460.39",$0.00,see codebook
  PSID_0901 ,26.0,12.0,0.0,0.0,1.0,0.0,"$21,160.08","$24,169.36","$21,279.26",see codebook
  psid_0902  ,46.0,17.0,0.0,0.0,0.0,0.0,"$21,258.04","$24,094.16","$24,787.39",see codebook
  psid_0903  ,31.0,12.0,0.0,0.0,1.0,0.0,"$21,356.01","$15,038.71","$35,465.44",see codebook
  PSID_0904 ,27.0,12.0,1.0,0.0,1.0,0.0,"$21,356.01","$20,588.71","$21,722.58",see codebook
  psid_0905  ,25.0,12.0,0.0,1.0,1.0,0.0,"$21,512.75","$26,586.29","$25,558.76",see codebook
  psid_0906  ,42.0,16.0,0.0,0.0,1.0,0.0,"$21,551.94",$0.00,"$41,376.34",see codebook
  PSID_0907 ,28.0,12.0,0.0,0.0,1.0,0.0,"$21,551.94","$8,366.18",$0.00,see codebook
  psid_0908  ,28.0,12.0,0.0,0.0,1.0,0.0,"$21,551.94","$10,562.90","$21,722.58",see codebook
  psid_0909  ,27.0,13.0,0.0,0.0,1.0,0.0,"$21,551.94","$14,322.58","$16,254.99",see codebook
  PSID_0910 ,35.0,12.0,1.0,0.0,1.0,0.0,"$21,551.94","$14,322.58","$15,638.78",see codebook
  psid_0911  ,35.0,12.0,1.0,0.0,1.0,0.0,"$21,551.94","$14,322.58","$15,638.78",see codebook
  psid_0912  ,26.0,12.0,0.0,0.0,1.0,0.0,"$21,551.94","$15,217.74","$26,599.08",see codebook
  PSID_0913 ,19.0,12.0,0.0,0.0,1.0,0.0,"$21,551.94","$15,754.84","$19,210.45",see codebook
  psid_0914  ,29.0,12.0,0.0,0.0,1.0,0.0,"$21,551.94","$17,008.06","$20,688.17",see codebook
  psid_0915  ,34.0,12.0,1.0,0.0,1.0,0.0,"$21,551.94","$17,903.23","$25,121.35",see codebook
  PSID_0916 ,28.0,16.0,0.0,0.0,1.0,0.0,"$21,551.94","$18,619.36","$44,331.80",see codebook
  psid_0917  ,31.0,16.0,0.0,0.0,1.0,0.0,"$21,551.94","$18,798.39","$23,348.08",see codebook
  psid_0918  ,37.0,15.0,1.0,0.0,0.0,0.0,"$21,551.94","$19,210.16","$17,732.72",see codebook
  PSID_0919 ,40.0,12.0,0.0,0.0,1.0,0.0,"$21,551.94","$19,693.55","$31,032.26",see codebook
  psid_0920  ,37.0,12.0,0.0,0.0,1.0,0.0,"$21,551.94","$19,693.55","$44,331.80",see codebook
  psid_0921  ,48.0,12.0,0.0,0.0,1.0,0.0,"$21,551.94","$20,230.64",$0.00,see codebook
  PSID_0922 ,43.0,12.0,0.0,0.0,1.0,0.0,"$21,551.94","$20,588.71","$19,210.45",see codebook
  psid_0923  ,26.0,16.0,0.0,0.0,1.0,0.0,"$21,551.94","$20,588.71","$28,815.67",see codebook
  psid_0924  ,29.0,12.0,0.0,0.0,1.0,0.0,"$21,551.94","$20,588.71","$19,949.31",see codebook
  PSID_0925 ,27.0,12.0,0.0,0.0,1.0,0.0,"$21,551.94","$21,120.44","$23,052.54",see codebook
  psid_0926  ,22.0,14.0,0.0,0.0,1.0,0.0,"$21,551.94","$21,483.87","$23,200.31",see codebook
  psid_0927  ,23.0,12.0,0.0,0.0,1.0,0.0,"$21,551.94","$21,483.87","$26,599.08",see codebook
  PSID_0928 ,21.0,12.0,0.0,0.0,1.0,0.0,"$21,551.94","$21,483.87","$12,534.08",see codebook
  psid_0929  ,36.0,12.0,0.0,0.0,1.0,0.0,"$21,551.94","$21,483.87","$23,643.62",see codebook
  psid_0930  ,26.0,16.0,0.0,0.0,1.0,0.0,"$21,551.94","$21,483.87","$29,492.47",see codebook
  PSID_0931 ,33.0,12.0,0.0,0.0,1.0,0.0,"$21,551.94","$21,483.87","$21,427.04",see codebook
  psid_0932  ,37.0,12.0,0.0,0.0,1.0,0.0,"$21,551.94","$22,379.03","$24,382.49",see codebook
  psid_0933  ,29.0,16.0,0.0,0.0,0.0,0.0,"$21,551.94","$22,737.10","$33,248.85",see codebook
  PSID_0934 ,25.0,14.0,0.0,0.0,1.0,0.0,"$21,551.94","$22,916.13","$31,505.13",see codebook
  psid_0935  ,27.0,16.0,0.0,0.0,1.0,0.0,"$21,551.94","$23,274.19","$27,633.49",see codebook
  psid_0936  ,41.0,17.0,0.0,0.0,1.0,0.0,"$21,551.94","$23,274.19","$22,904.76",see codebook
  PSID_0937 ,29.0,16.0,0.0,0.0,1.0,0.0,"$21,551.94","$23,274.19","$23,643.62",see codebook
  psid_0938  ,34.0,14.0,0.0,0.0,1.0,0.0,"$21,551.94","$23,274.19","$22,165.90",see codebook
  psid_0939  ,45.0,12.0,0.0,0.0,1.0,0.0,"$21,551.94","$23,632.26","$26,633.07",see codebook
  PSID_0940 ,41.0,12.0,1.0,0.0,1.0,0.0,"$21,551.94","$24,885.48","$21,427.04",see codebook
  psid_0941  ,35.0,13.0,1.0,0.0,1.0,0.0,"$21,551.94","$25,959.68","$26,423.23",see codebook
  psid_0942  ,23.0,12.0,0.0,0.0,1.0,0.0,"$21,551.94","$25,959.68","$58,665.75",see codebook
  PSID_0943 ,43.0,17.0,0.0,0.0,0.0,0.0,"$21,551.94","$25,959.68","$36,943.16",see codebook
  psid_0944  ,21.0,12.0,0.0,0.0,1.0,0.0,"$21,551.94","$26,138.71","$38,420.89",see codebook
  psid_0945  ,22.0,12.0,0.0,0.0,1.0,0.0,"$21,551.94","$26,765.32","$35,465.44",see codebook
  PSID_0946 ,25.0,17.0,0.0,0.0,1.0,0.0,"$21,551.94","$31,151.61","$53,937.02",see codebook
  psid_0947  ,23.0,16.0,0.0,0.0,1.0,0.0,"$21,551.94","$35,806.45","$44,331.80",see codebook
  psid_0948  ,28.0,14.0,0.0,0.0,1.0,0.0,"$21,649.90","$26,854.84","$22,165.90",see codebook
  PSID_0949 ,44.0,13.0,0.0,0.0,1.0,0.0,"$21,679.29","$21,918.92","$22,165.90",see codebook
  psid_0950  ,23.0,12.0,0.0,0.0,0.0,0.0,"$21,747.86","$11,413.31","$2,216.59",see codebook
  psid_0951  ,39.0,14.0,0.0,0.0,1.0,0.0,"$21,747.86","$21,841.94","$18,619.36",see codebook
  PSID_0952 ,23.0,12.0,0.0,0.0,1.0,0.0,"$21,865.42","$21,483.87","$25,121.35",see codebook
  psid_0953  ,24.0,14.0,1.0,0.0,1.0,0.0,"$21,869.34","$26,353.55","$18,767.13",see codebook
  psid_0954  ,24.0,13.0,0.0,1.0,1.0,0.0,"$21,922.24","$24,742.26","$35,317.66",see codebook
  PSID_0955 ,51.0,12.0,0.0,0.0,1.0,0.0,"$21,943.79","$19,156.45","$24,382.49",see codebook
  psid_0956  ,34.0,12.0,0.0,0.0,1.0,0.0,"$21,943.79","$20,409.68","$21,131.49",see codebook
  psid_0957  ,27.0,12.0,0.0,0.0,1.0,0.0,"$21,943.79","$20,588.71","$18,323.81",see codebook
  PSID_0958 ,29.0,17.0,0.0,0.0,1.0,0.0,"$21,943.79","$21,752.42","$22,165.90",see codebook
  psid_0959  ,26.0,14.0,1.0,0.0,1.0,0.0,"$21,943.79","$25,959.68","$36,943.16",see codebook
  psid_0960  ,26.0,13.0,0.0,1.0,1.0,0.0,"$21,953.59","$5,671.74","$25,860.21",see codebook
  PSID_0961 ,23.0,14.0,0.0,0.0,0.0,0.0,"$22,139.71","$18,798.39","$41,376.34",see codebook
  psid_0962  ,46.0,12.0,0.0,0.0,1.0,0.0,"$22,139.71","$22,622.52","$23,643.62",see codebook
  psid_0963  ,27.0,12.0,0.0,0.0,0.0,0.0,"$22,139.71","$25,422.58","$61,768.97",see codebook
  PSID_0964 ,30.0,17.0,1.0,0.0,1.0,0.0,"$22,139.71","$27,929.03","$33,248.85",see codebook
  psid_0965  ,25.0,12.0,1.0,0.0,1.0,0.0,"$22,139.71","$33,300.00","$29,554.53",see codebook
  psid_0966  ,27.0,14.0,0.0,0.0,1.0,0.0,"$22,218.09","$23,306.42","$26,599.08",see codebook
  PSID_0967 ,27.0,17.0,0.0,0.0,1.0,0.0,"$22,237.68","$22,379.03","$14,777.27",see codebook
  psid_0968  ,50.0,12.0,0.0,0.0,1.0,0.0,"$22,306.25","$27,544.11","$26,876.89",see codebook
  psid_0969  ,50.0,12.0,0.0,0.0,1.0,0.0,"$22,306.25","$27,544.11","$26,876.89",see codebook
  PSID_0970 ,50.0,12.0,0.0,0.0,1.0,0.0,"$22,306.25","$27,544.11","$26,876.89",see codebook
  psid_0971  ,48.0,12.0,0.0,0.0,1.0,0.0,"$22,321.93","$23,881.11","$25,399.16",see codebook
  psid_0972  ,24.0,16.0,0.0,0.0,1.0,0.0,"$22,335.64","$22,880.32","$29,037.33",see codebook
  PSID_0973 ,25.0,12.0,0.0,1.0,1.0,0.0,"$22,335.64","$24,169.36","$31,032.26",see codebook
  psid_0974  ,37.0,12.0,0.0,0.0,1.0,0.0,"$22,441.44","$16,385.03","$23,269.76",see codebook
  psid_0975  ,37.0,12.0,0.0,0.0,1.0,0.0,"$22,441.44","$16,385.03","$23,269.76",see codebook
  PSID_0976 ,29.0,12.0,1.0,0.0,1.0,0.0,"$22,531.57","$18,619.36","$23,643.62",see codebook
  psid_0977  ,27.0,15.0,0.0,0.0,1.0,0.0,"$22,531.57","$20,588.71","$35,465.44",see codebook
  psid_0978  ,41.0,12.0,0.0,1.0,1.0,0.0,"$22,531.57","$20,946.77","$22,165.90",see codebook
  PSID_0979 ,29.0,12.0,0.0,0.0,1.0,0.0,"$22,531.57","$21,483.87","$22,165.90",see codebook
  psid_0980  ,27.0,16.0,0.0,0.0,1.0,0.0,"$22,531.57","$21,483.87","$23,643.62",see codebook
  psid_0981  ,44.0,12.0,0.0,0.0,1.0,0.0,"$22,531.57","$22,379.03","$23,643.62",see codebook
  PSID_0982 ,26.0,13.0,0.0,0.0,1.0,0.0,"$22,531.57","$22,379.03","$37,238.71",see codebook
  psid_0983  ,34.0,12.0,0.0,0.0,1.0,0.0,"$22,531.57","$22,379.03","$26,599.08",see codebook
  psid_0984  ,20.0,12.0,0.0,0.0,1.0,0.0,"$22,531.57","$23,274.19","$24,382.49",see codebook
  PSID_0985 ,43.0,14.0,0.0,0.0,1.0,0.0,"$22,531.57","$23,274.19","$28,520.12",see codebook
  psid_0986  ,47.0,12.0,0.0,1.0,1.0,0.0,"$22,531.57","$25,028.71","$25,564.67",see codebook
  psid_0987  ,31.0,12.0,0.0,0.0,1.0,0.0,"$22,531.57","$25,064.52","$29,554.53",see codebook
  PSID_0988 ,33.0,12.0,0.0,0.0,1.0,0.0,"$22,531.57","$26,496.77","$24,973.58",see codebook
  psid_0989  ,24.0,12.0,1.0,0.0,0.0,0.0,"$22,531.57","$26,854.84","$29,554.53",see codebook
  psid_0990  ,27.0,16.0,0.0,0.0,0.0,0.0,"$22,531.57","$30,435.48","$42,854.07",see codebook
  PSID_0991 ,23.0,14.0,0.0,0.0,1.0,0.0,"$22,531.57","$33,658.07","$26,599.08",see codebook
  psid_0992  ,27.0,17.0,0.0,0.0,1.0,0.0,"$22,594.27","$18,261.29","$28,815.67",see codebook
  psid_0993  ,50.0,16.0,0.0,0.0,0.0,0.0,"$22,629.53","$19,693.55","$17,732.72",see codebook
  PSID_0994 ,22.0,14.0,0.0,0.0,1.0,0.0,"$22,682.43","$24,706.45","$20,688.17",see codebook
  psid_0995  ,31.0,12.0,1.0,0.0,1.0,0.0,"$22,727.49","$1,503.87","$27,781.26",see codebook
  psid_0996  ,34.0,12.0,0.0,0.0,1.0,0.0,"$22,727.49","$18,619.36","$20,688.17",see codebook
  PSID_0997 ,28.0,12.0,0.0,0.0,1.0,0.0,"$22,727.49","$20,051.61","$22,904.76",see codebook
  psid_0998  ,26.0,12.0,0.0,0.0,1.0,0.0,"$22,727.49","$21,483.87","$26,599.08",see codebook
  psid_0999  ,46.0,12.0,0.0,0.0,1.0,0.0,"$22,727.49","$21,841.94","$22,904.76",see codebook
  PSID_1000 ,27.0,17.0,0.0,0.0,1.0,0.0,"$22,727.49","$22,379.03","$24,086.94",see codebook
  psid_1001  ,47.0,13.0,0.0,0.0,1.0,0.0,"$22,727.49","$22,558.06","$24,382.49",see codebook
  psid_1002  ,29.0,17.0,0.0,0.0,1.0,0.0,"$22,923.42","$21,483.87","$27,042.40",see codebook
  PSID_1003 ,24.0,16.0,0.0,0.0,0.0,0.0,"$22,923.42","$22,379.03","$26,451.31",see codebook
  psid_1004  ,30.0,16.0,0.0,0.0,1.0,0.0,"$22,923.42","$23,274.19","$28,076.80",see codebook
  psid_1005  ,23.0,12.0,0.0,0.0,1.0,0.0,"$22,982.20","$24,033.29","$14,777.27",see codebook
  PSID_1006 ,27.0,15.0,0.0,0.0,1.0,0.0,"$23,119.35",$0.00,$0.00,see codebook
  psid_1007  ,25.0,12.0,0.0,0.0,1.0,0.0,"$23,119.35","$24,074.47","$25,195.24",see codebook
  psid_1008  ,26.0,12.0,0.0,0.0,1.0,0.0,"$23,315.28","$26,767.11","$27,633.49",see codebook
  PSID_1009 ,26.0,12.0,0.0,0.0,1.0,0.0,"$23,511.20",$0.00,$0.00,see codebook
  psid_1010  ,25.0,12.0,0.0,0.0,1.0,0.0,"$23,511.20","$11,279.03","$21,279.26",see codebook
  psid_1011  ,32.0,12.0,0.0,0.0,1.0,0.0,"$23,511.20","$13,785.48","$31,032.26",see codebook
  PSID_1012 ,32.0,12.0,0.0,1.0,1.0,0.0,"$23,511.20","$13,964.52","$66,497.70",see codebook
  psid_1013  ,50.0,16.0,0.0,0.0,0.0,0.0,"$23,511.20","$14,322.58","$39,973.98",see codebook
  psid_1014  ,25.0,13.0,0.0,0.0,0.0,0.0,"$23,511.20","$14,322.58","$20,850.72",see codebook
  PSID_1015 ,33.0,12.0,1.0,0.0,1.0,0.0,"$23,511.20","$14,322.58","$23,643.62",see codebook
  psid_1016  ,27.0,12.0,0.0,0.0,1.0,0.0,"$23,511.20","$15,038.71","$12,738.00",see codebook
  psid_1017  ,28.0,16.0,1.0,0.0,1.0,0.0,"$23,511.20","$16,112.90","$22,018.13",see codebook
  PSID_1018 ,28.0,12.0,0.0,0.0,1.0,0.0,"$23,511.20","$16,112.90",$0.00,see codebook
  psid_1019  ,38.0,12.0,0.0,0.0,1.0,0.0,"$23,511.20","$16,112.90","$30,293.39",see codebook
  psid_1020  ,31.0,12.0,0.0,0.0,1.0,0.0,"$23,511.20","$17,903.23","$22,165.90",see codebook
  PSID_1021 ,28.0,12.0,0.0,0.0,1.0,0.0,"$23,511.20","$18,798.39","$36,943.16",see codebook
  psid_1022  ,43.0,12.0,1.0,0.0,1.0,0.0,"$23,511.20","$19,421.42","$13,559.62",see codebook
  psid_1023  ,37.0,17.0,1.0,0.0,1.0,0.0,"$23,511.20","$19,693.55","$76,841.78",see codebook
  PSID_1024 ,37.0,17.0,1.0,0.0,1.0,0.0,"$23,511.20","$19,693.55","$76,841.78",see codebook
  psid_1025  ,23.0,12.0,0.0,0.0,1.0,0.0,"$23,511.20","$19,854.68","$18,914.90",see codebook
  psid_1026  ,55.0,12.0,0.0,0.0,1.0,0.0,"$23,511.20","$20,588.71","$22,165.90",see codebook
  PSID_1027 ,34.0,17.0,0.0,0.0,1.0,0.0,"$23,511.20","$20,588.71","$23,421.97",see codebook
  psid_1028  ,28.0,17.0,0.0,0.0,1.0,0.0,"$23,511.20","$20,946.77","$69,453.15",see codebook
  psid_1029  ,31.0,14.0,0.0,0.0,1.0,0.0,"$23,511.20","$21,483.87","$27,830.03",see codebook
  PSID_1030 ,28.0,12.0,0.0,0.0,1.0,0.0,"$23,511.20","$21,483.87","$23,643.62",see codebook
  psid_1031  ,25.0,12.0,0.0,1.0,1.0,0.0,"$23,511.20","$21,483.87","$25,121.35",see codebook
  psid_1032  ,54.0,15.0,0.0,0.0,1.0,0.0,"$23,511.20","$21,483.87","$59,109.06",see codebook
  PSID_1033 ,42.0,12.0,1.0,0.0,0.0,0.0,"$23,511.20","$21,483.87","$22,165.90",see codebook
  psid_1034  ,35.0,12.0,0.0,0.0,1.0,0.0,"$23,511.20","$21,483.87","$29,554.53",see codebook
  psid_1035  ,27.0,13.0,0.0,0.0,0.0,0.0,"$23,511.20","$21,483.87","$22,165.90",see codebook
  PSID_1036 ,45.0,12.0,0.0,0.0,1.0,0.0,"$23,511.20","$21,483.87",$0.00,see codebook
  psid_1037  ,26.0,12.0,1.0,0.0,1.0,0.0,"$23,511.20","$21,483.87","$31,623.35",see codebook
  psid_1038  ,28.0,16.0,0.0,0.0,1.0,0.0,"$23,511.20","$21,483.87","$11,821.81",see codebook
  PSID_1039 ,30.0,16.0,0.0,0.0,1.0,0.0,"$23,511.20","$21,483.87","$22,165.90",see codebook
  psid_1040  ,24.0,12.0,0.0,1.0,1.0,0.0,"$23,511.20","$21,483.87","$23,052.54",see codebook
  psid_1041  ,26.0,14.0,0.0,0.0,1.0,0.0,"$23,511.20","$22,020.97","$22,165.90",see codebook
  PSID_1042 ,35.0,14.0,0.0,0.0,1.0,0.0,"$23,511.20","$22,379.03","$22,165.90",see codebook
  psid_1043  ,42.0,17.0,0.0,0.0,1.0,0.0,"$23,511.20","$22,379.03",$0.00,see codebook
  psid_1044  ,42.0,17.0,0.0,0.0,1.0,0.0,"$23,511.20","$22,379.03",$0.00,see codebook
  PSID_1045 ,28.0,16.0,0.0,0.0,1.0,0.0,"$23,511.20","$22,379.03","$27,337.94",see codebook
  psid_1046  ,28.0,12.0,0.0,0.0,1.0,0.0,"$23,511.20","$22,379.03","$29,554.53",see codebook
  psid_1047  ,27.0,14.0,0.0,0.0,1.0,0.0,"$23,511.20","$22,558.06","$23,531.32",see codebook
  PSID_1048 ,35.0,16.0,0.0,0.0,1.0,0.0,"$23,511.20","$22,737.10","$21,834.89",see codebook
  psid_1049  ,55.0,12.0,0.0,0.0,1.0,0.0,"$23,511.20","$22,916.13","$17,732.72",see codebook
  psid_1050  ,36.0,14.0,0.0,0.0,1.0,0.0,"$23,511.20","$23,274.19","$33,248.85",see codebook
  PSID_1051 ,42.0,16.0,0.0,1.0,1.0,0.0,"$23,511.20","$23,274.19","$29,554.53",see codebook
  psid_1052  ,22.0,12.0,0.0,0.0,1.0,0.0,"$23,511.20","$23,274.19","$26,155.76",see codebook
  psid_1053  ,33.0,12.0,1.0,0.0,1.0,0.0,"$23,511.20","$23,274.19","$36,943.16",see codebook
  PSID_1054 ,38.0,12.0,0.0,0.0,1.0,0.0,"$23,511.20","$23,274.19","$25,121.35",see codebook
  psid_1055  ,48.0,16.0,0.0,0.0,1.0,0.0,"$23,511.20","$23,274.19","$39,898.62",see codebook
  psid_1056  ,48.0,16.0,0.0,0.0,1.0,0.0,"$23,511.20","$23,274.19","$39,898.62",see codebook
  PSID_1057 ,25.0,13.0,0.0,0.0,1.0,0.0,"$23,511.20","$23,456.81","$26,007.99",see codebook
  psid_1058  ,23.0,14.0,0.0,0.0,1.0,0.0,"$23,511.20","$24,169.36","$31,032.26",see codebook
  psid_1059  ,31.0,16.0,0.0,0.0,1.0,0.0,"$23,511.20","$24,706.45","$28,963.44",see codebook
  PSID_1060 ,26.0,12.0,0.0,0.0,1.0,0.0,"$23,511.20","$24,885.48","$26,599.08",see codebook
  psid_1061  ,32.0,12.0,0.0,0.0,1.0,0.0,"$23,511.20","$25,064.52","$26,599.08",see codebook
  psid_1062  ,29.0,13.0,0.0,0.0,1.0,0.0,"$23,511.20","$25,064.52",$0.00,see codebook
  PSID_1063 ,29.0,13.0,0.0,0.0,1.0,0.0,"$23,511.20","$25,064.52",$0.00,see codebook
  psid_1064  ,30.0,16.0,0.0,0.0,1.0,0.0,"$23,511.20","$25,243.55","$27,042.40",see codebook
  psid_1065  ,47.0,14.0,1.0,0.0,1.0,0.0,"$23,511.20","$25,565.81","$23,974.64",see codebook
  PSID_1066 ,51.0,12.0,1.0,0.0,1.0,0.0,"$23,511.20","$25,601.61","$25,121.35",see codebook
  psid_1067  ,26.0,14.0,0.0,0.0,1.0,0.0,"$23,511.20","$25,780.64","$31,032.26",see codebook
  psid_1068  ,32.0,16.0,0.0,0.0,1.0,0.0,"$23,511.20","$25,959.68","$35,465.44",see codebook
  PSID_1069 ,35.0,14.0,0.0,0.0,1.0,0.0,"$23,511.20","$26,496.77","$29,554.53",see codebook
  psid_1070  ,35.0,14.0,0.0,0.0,1.0,0.0,"$23,511.20","$26,496.77","$29,554.53",see codebook
  psid_1071  ,54.0,12.0,0.0,0.0,1.0,0.0,"$23,511.20","$26,854.84","$2,049.61",see codebook
  PSID_1072 ,55.0,12.0,0.0,0.0,1.0,0.0,"$23,511.20","$26,854.84","$26,599.08",see codebook
  psid_1073  ,55.0,12.0,0.0,0.0,1.0,0.0,"$23,511.20","$26,854.84","$26,599.08",see codebook
  psid_1074  ,38.0,12.0,0.0,0.0,1.0,0.0,"$23,511.20","$26,854.84","$29,554.53",see codebook
  PSID_1075 ,25.0,12.0,0.0,0.0,0.0,0.0,"$23,511.20","$26,854.84","$18,176.04",see codebook
  psid_1076  ,30.0,12.0,0.0,0.0,1.0,0.0,"$23,511.20","$28,645.16","$32,509.98",see codebook
  psid_1077  ,25.0,17.0,0.0,0.0,1.0,0.0,"$23,511.20","$29,003.23","$28,076.80",see codebook
  PSID_1078 ,39.0,12.0,0.0,0.0,0.0,0.0,"$23,511.20","$31,509.68","$15,516.13",see codebook
  psid_1079  ,28.0,14.0,0.0,0.0,1.0,0.0,"$23,511.20","$32,225.81","$36,943.16",see codebook
  psid_1080  ,47.0,12.0,1.0,0.0,1.0,0.0,"$23,511.20","$32,225.81","$17,732.72",see codebook
  PSID_1081 ,39.0,17.0,0.0,0.0,1.0,0.0,"$23,511.20","$35,448.39","$32,509.98",see codebook
  psid_1082  ,49.0,12.0,0.0,0.0,1.0,0.0,"$23,511.20","$35,806.45","$23,643.62",see codebook
  psid_1083  ,21.0,12.0,0.0,0.0,1.0,0.0,"$23,511.20","$50,129.03",$0.00,see codebook
  PSID_1084 ,31.0,14.0,0.0,0.0,1.0,0.0,"$23,707.13","$20,767.74","$23,939.17",see codebook
  psid_1085  ,27.0,12.0,0.0,0.0,1.0,0.0,"$23,707.13","$21,483.87","$33,987.71",see codebook
  psid_1086  ,37.0,12.0,0.0,0.0,1.0,0.0,"$23,707.13","$22,200.00","$22,904.76",see codebook
  PSID_1087 ,51.0,12.0,0.0,0.0,1.0,0.0,"$23,707.13","$22,379.03","$19,411.42",see codebook
  psid_1088  ,29.0,12.0,0.0,0.0,1.0,0.0,"$23,707.13","$26,854.84","$28,076.80",see codebook
  psid_1089  ,27.0,14.0,0.0,0.0,1.0,0.0,"$23,707.13","$29,540.32","$23,200.31",see codebook
  PSID_1090 ,24.0,13.0,0.0,0.0,1.0,0.0,"$23,903.05","$1,790.32",$449.23,see codebook
  psid_1091  ,32.0,12.0,0.0,0.0,1.0,0.0,"$23,903.05","$24,812.08","$12,412.90",see codebook
  psid_1092  ,31.0,17.0,0.0,0.0,1.0,0.0,"$23,903.05","$25,601.61","$27,042.40",see codebook
  PSID_1093 ,46.0,12.0,0.0,0.0,0.0,0.0,"$23,918.73","$12,532.26",$0.00,see codebook
  psid_1094  ,40.0,15.0,0.0,1.0,1.0,0.0,"$24,001.02","$23,274.19","$26,599.08",see codebook
  psid_1095  ,27.0,16.0,0.0,0.0,1.0,0.0,"$24,098.98","$7,161.29","$36,204.30",see codebook
  PSID_1096 ,27.0,17.0,0.0,0.0,1.0,0.0,"$24,098.98","$22,200.00","$25,860.21",see codebook
  psid_1097  ,28.0,14.0,0.0,0.0,1.0,0.0,"$24,098.98","$22,379.03","$27,337.94",see codebook
  psid_1098  ,29.0,17.0,0.0,0.0,1.0,0.0,"$24,098.98","$24,527.42","$23,643.62",see codebook
  PSID_1099 ,36.0,13.0,0.0,0.0,1.0,0.0,"$24,098.98","$25,064.52","$25,564.67",see codebook
  psid_1100  ,23.0,12.0,0.0,0.0,1.0,0.0,"$24,098.98","$26,854.84","$17,437.17",see codebook
  psid_1101  ,28.0,12.0,0.0,0.0,1.0,0.0,"$24,294.91","$18,261.29","$21,427.04",see codebook
  PSID_1102 ,28.0,12.0,0.0,0.0,1.0,0.0,"$24,383.07","$15,217.74","$19,210.45",see codebook
  psid_1103  ,34.0,12.0,0.0,0.0,1.0,0.0,"$24,486.92","$22,200.00","$22,904.76",see codebook
  psid_1104  ,41.0,12.0,0.0,0.0,1.0,0.0,"$24,490.84","$14,322.58","$22,165.90",see codebook
  PSID_1105 ,25.0,13.0,0.0,0.0,1.0,0.0,"$24,490.84","$18,261.29",$0.00,see codebook
  psid_1106  ,45.0,12.0,0.0,0.0,1.0,0.0,"$24,490.84","$21,483.87","$10,639.63",see codebook
  psid_1107  ,45.0,12.0,1.0,0.0,1.0,0.0,"$24,490.84","$21,483.87","$28,076.80",see codebook
  PSID_1108 ,41.0,12.0,0.0,0.0,1.0,0.0,"$24,490.84","$21,483.87","$33,987.71",see codebook
  psid_1109  ,35.0,16.0,0.0,0.0,0.0,0.0,"$24,490.84","$21,841.94","$24,825.81",see codebook
  psid_1110  ,35.0,13.0,1.0,0.0,1.0,0.0,"$24,490.84","$23,274.19","$25,121.35",see codebook
  PSID_1111 ,29.0,16.0,0.0,0.0,1.0,0.0,"$24,490.84","$23,453.23","$25,860.21",see codebook
  psid_1112  ,28.0,13.0,0.0,0.0,1.0,0.0,"$24,490.84","$23,868.58","$23,495.85",see codebook
  psid_1113  ,35.0,13.0,0.0,0.0,1.0,0.0,"$24,490.84","$23,990.32","$22,165.90",see codebook
  PSID_1114 ,35.0,16.0,0.0,0.0,1.0,0.0,"$24,490.84","$24,169.36","$25,638.56",see codebook
  psid_1115  ,30.0,12.0,0.0,0.0,1.0,0.0,"$24,490.84","$25,064.52","$29,554.53",see codebook
  psid_1116  ,29.0,12.0,0.0,0.0,1.0,0.0,"$24,490.84","$25,064.52","$28,076.80",see codebook
  PSID_1117 ,26.0,14.0,1.0,0.0,1.0,0.0,"$24,490.84","$25,717.98","$26,643.41",see codebook
  psid_1118  ,28.0,16.0,0.0,0.0,1.0,0.0,"$24,490.84","$26,460.97","$45,809.52",see codebook
  psid_1119  ,30.0,16.0,0.0,0.0,1.0,0.0,"$24,490.84","$26,854.84","$38,420.89",see codebook
  PSID_1120 ,26.0,17.0,0.0,0.0,0.0,0.0,"$24,490.84","$26,854.84","$29,702.30",see codebook
  psid_1121  ,22.0,13.0,0.0,0.0,1.0,0.0,"$24,490.84","$26,854.84","$39,159.75",see codebook
  psid_1122  ,22.0,12.0,0.0,0.0,1.0,0.0,"$24,490.84","$26,854.84","$25,121.35",see codebook
  PSID_1123 ,26.0,16.0,0.0,0.0,0.0,0.0,"$24,490.84","$27,750.00","$9,605.22",see codebook
  psid_1124  ,43.0,12.0,1.0,0.0,1.0,0.0,"$24,490.84","$29,355.92","$35,465.44",see codebook
  psid_1125  ,43.0,13.0,1.0,0.0,1.0,0.0,"$24,490.84","$34,016.13","$39,898.62",see codebook
  PSID_1126 ,48.0,16.0,0.0,0.0,1.0,0.0,"$24,663.25","$18,082.26","$25,121.35",see codebook
  psid_1127  ,45.0,12.0,0.0,0.0,1.0,0.0,"$24,686.76","$15,217.74","$27,929.03",see codebook
  psid_1128  ,27.0,12.0,1.0,0.0,1.0,0.0,"$24,686.76","$22,558.06","$22,609.22",see codebook
  PSID_1129 ,44.0,17.0,0.0,0.0,1.0,0.0,"$24,686.76","$23,274.19","$23,348.08",see codebook
  psid_1130  ,26.0,16.0,0.0,0.0,1.0,0.0,"$24,686.76","$25,422.58","$29,554.53",see codebook
  psid_1131  ,54.0,16.0,0.0,0.0,1.0,0.0,"$24,686.76","$26,854.84","$26,451.31",see codebook
  PSID_1132 ,54.0,16.0,0.0,0.0,1.0,0.0,"$24,686.76","$26,854.84","$26,451.31",see codebook
  psid_1133  ,54.0,16.0,0.0,0.0,1.0,0.0,"$24,686.76","$26,854.84","$26,451.31",see codebook
  psid_1134  ,29.0,12.0,0.0,0.0,1.0,0.0,"$24,686.76","$27,750.00","$24,382.49",see codebook
  PSID_1135 ,22.0,12.0,0.0,0.0,1.0,0.0,"$24,765.13","$21,594.87","$34,320.20",see codebook
  psid_1136  ,39.0,17.0,0.0,0.0,1.0,0.0,"$24,823.91","$25,064.52","$27,061.61",see codebook
  psid_1137  ,35.0,16.0,0.0,0.0,1.0,0.0,"$24,882.69","$24,527.42","$36,943.16",see codebook
  PSID_1138 ,44.0,12.0,0.0,0.0,1.0,0.0,"$24,882.69","$27,929.03","$25,121.35",see codebook
  psid_1139  ,32.0,16.0,0.0,0.0,1.0,0.0,"$24,980.65","$25,064.52","$26,599.08",see codebook
  psid_1140  ,27.0,17.0,0.0,0.0,1.0,0.0,"$25,078.62","$19,693.55","$24,530.26",see codebook
  PSID_1141 ,27.0,17.0,0.0,0.0,1.0,0.0,"$25,078.62","$19,693.55","$24,530.26",see codebook
  psid_1142  ,26.0,12.0,0.0,0.0,1.0,0.0,"$25,078.62","$23,274.19","$26,599.08",see codebook
  psid_1143  ,46.0,12.0,0.0,0.0,1.0,0.0,"$25,078.62","$24,169.36","$26,780.84",see codebook
  PSID_1144 ,25.0,16.0,0.0,0.0,0.0,0.0,"$25,078.62","$25,601.61","$30,145.62",see codebook
  psid_1145  ,35.0,12.0,0.0,0.0,1.0,0.0,"$25,078.62","$26,854.84","$29,554.53",see codebook
  psid_1146  ,33.0,16.0,0.0,0.0,1.0,0.0,"$25,078.62","$26,854.84","$24,448.99",see codebook
  PSID_1147 ,26.0,16.0,0.0,0.0,1.0,0.0,"$25,078.62","$30,793.55","$36,943.16",see codebook
  psid_1148  ,26.0,12.0,1.0,0.0,1.0,0.0,"$25,088.41","$23,274.19","$29,554.53",see codebook
  psid_1149  ,20.0,12.0,0.0,0.0,1.0,0.0,"$25,294.13","$18,798.39","$25,121.35",see codebook
  PSID_1150 ,49.0,12.0,0.0,0.0,1.0,0.0,"$25,470.47","$17,953.36","$20,244.85",see codebook
  psid_1151  ,25.0,13.0,0.0,0.0,1.0,0.0,"$25,470.47","$18,798.39","$23,643.62",see codebook
  psid_1152  ,28.0,12.0,1.0,0.0,0.0,0.0,"$25,470.47","$19,693.55","$26,599.08",see codebook
  PSID_1153 ,28.0,13.0,0.0,0.0,1.0,0.0,"$25,470.47","$19,693.55","$26,599.08",see codebook
  psid_1154  ,35.0,12.0,1.0,0.0,1.0,0.0,"$25,470.47","$21,483.87","$26,599.08",see codebook
  psid_1155  ,27.0,12.0,0.0,0.0,0.0,0.0,"$25,470.47","$21,483.87","$25,121.35",see codebook
  PSID_1156 ,44.0,12.0,0.0,0.0,1.0,0.0,"$25,470.47","$21,483.87","$25,634.12",see codebook
  psid_1157  ,23.0,12.0,0.0,1.0,1.0,0.0,"$25,470.47","$21,483.87","$32,509.98",see codebook
  psid_1158  ,32.0,12.0,1.0,0.0,1.0,0.0,"$25,470.47","$22,379.03","$31,771.12",see codebook
  PSID_1159 ,24.0,12.0,0.0,0.0,1.0,0.0,"$25,470.47","$22,737.10","$25,121.35",see codebook
  psid_1160  ,27.0,12.0,0.0,0.0,1.0,0.0,"$25,470.47","$23,095.16","$31,032.26",see codebook
  psid_1161  ,46.0,12.0,0.0,0.0,1.0,0.0,"$25,470.47","$23,274.19","$29,554.53",see codebook
  PSID_1162 ,31.0,12.0,0.0,0.0,1.0,0.0,"$25,470.47","$23,274.19","$22,165.90",see codebook
  psid_1163  ,27.0,15.0,1.0,0.0,0.0,0.0,"$25,470.47","$24,169.36","$29,554.53",see codebook
  psid_1164  ,51.0,16.0,0.0,0.0,0.0,0.0,"$25,470.47","$24,169.36","$12,708.45",see codebook
  PSID_1165 ,43.0,12.0,1.0,0.0,1.0,0.0,"$25,470.47","$25,064.52","$25,121.35",see codebook
  psid_1166  ,32.0,16.0,1.0,0.0,1.0,0.0,"$25,470.47","$25,422.58","$30,145.62",see codebook
  psid_1167  ,37.0,12.0,0.0,0.0,0.0,0.0,"$25,470.47","$25,780.64","$22,461.44",see codebook
  PSID_1168 ,37.0,12.0,0.0,0.0,0.0,0.0,"$25,470.47","$25,780.64","$22,461.44",see codebook
  psid_1169  ,30.0,12.0,0.0,0.0,1.0,0.0,"$25,470.47","$25,959.68","$28,076.80",see codebook
  psid_1170  ,45.0,12.0,1.0,0.0,1.0,0.0,"$25,470.47","$26,695.50","$27,898.00",see codebook
  PSID_1171 ,45.0,12.0,1.0,0.0,1.0,0.0,"$25,470.47","$26,695.50","$27,898.00",see codebook
  psid_1172  ,49.0,17.0,0.0,0.0,1.0,0.0,"$25,470.47","$26,854.84","$29,554.53",see codebook
  psid_1173  ,49.0,17.0,0.0,0.0,1.0,0.0,"$25,470.47","$26,854.84","$29,554.53",see codebook
  PSID_1174 ,26.0,17.0,0.0,0.0,1.0,0.0,"$25,470.47","$26,854.84","$44,331.80",see codebook
  psid_1175  ,37.0,13.0,0.0,0.0,1.0,0.0,"$25,470.47","$30,435.48","$32,509.98",see codebook
  psid_1176  ,44.0,17.0,0.0,0.0,1.0,0.0,"$25,470.47","$30,435.48","$21,427.04",see codebook
  PSID_1177 ,30.0,17.0,0.0,0.0,1.0,0.0,"$25,470.47","$31,330.64","$38,420.89",see codebook
  psid_1178  ,51.0,12.0,0.0,0.0,1.0,0.0,"$25,470.47","$32,225.81","$29,554.53",see codebook
  psid_1179  ,28.0,17.0,0.0,0.0,1.0,0.0,"$25,607.62","$18,091.21","$22,165.90",see codebook
  PSID_1180 ,29.0,16.0,0.0,0.0,1.0,0.0,"$25,666.39","$28,287.10","$35,465.44",see codebook
  psid_1181  ,40.0,12.0,0.0,0.0,1.0,0.0,"$25,707.54","$20,409.68","$23,052.54",see codebook
  psid_1182  ,34.0,16.0,0.0,0.0,1.0,0.0,"$25,862.32",$0.00,$0.00,see codebook
  PSID_1183 ,51.0,12.0,0.0,0.0,1.0,0.0,"$25,862.32","$20,588.71","$24,825.81",see codebook
  psid_1184  ,26.0,16.0,0.0,0.0,1.0,0.0,"$25,862.32","$22,379.03","$35,465.44",see codebook
  psid_1185  ,46.0,12.0,0.0,0.0,1.0,0.0,"$25,862.32","$23,274.19","$35,465.44",see codebook
  PSID_1186 ,45.0,14.0,0.0,0.0,1.0,0.0,"$25,862.32","$28,645.16","$26,599.08",see codebook
  psid_1187  ,49.0,12.0,0.0,0.0,1.0,0.0,"$25,862.32","$28,645.16","$26,599.08",see codebook
  psid_1188  ,26.0,16.0,0.0,0.0,0.0,0.0,"$25,862.32","$31,790.76","$15,646.17",see codebook
  PSID_1189 ,30.0,16.0,0.0,0.0,1.0,0.0,"$26,058.25","$28,645.16","$29,258.99",see codebook
  psid_1190  ,50.0,12.0,0.0,0.0,1.0,0.0,"$26,254.18",$0.00,$0.00,see codebook
  psid_1191  ,25.0,12.0,0.0,0.0,0.0,0.0,"$26,254.18","$21,483.87","$26,599.08",see codebook
  PSID_1192 ,27.0,17.0,0.0,0.0,0.0,0.0,"$26,254.18","$29,540.32","$31,032.26",see codebook
  psid_1193  ,46.0,16.0,0.0,0.0,1.0,0.0,"$26,293.36","$65,160.58","$17,732.72",see codebook
  psid_1194  ,46.0,16.0,0.0,0.0,1.0,0.0,"$26,293.36","$65,160.58","$17,732.72",see codebook
  PSID_1195 ,43.0,12.0,1.0,0.0,1.0,0.0,"$26,450.10","$14,322.58","$29,554.53",see codebook
  psid_1196  ,27.0,12.0,1.0,0.0,1.0,0.0,"$26,450.10","$18,798.39","$31,032.26",see codebook
  psid_1197  ,22.0,12.0,0.0,0.0,0.0,0.0,"$26,450.10","$23,274.19","$19,210.45",see codebook
  PSID_1198 ,55.0,12.0,0.0,0.0,1.0,0.0,"$26,450.10","$23,990.32","$29,554.53",see codebook
  psid_1199  ,53.0,12.0,0.0,0.0,1.0,0.0,"$26,450.10","$25,064.52","$26,007.99",see codebook
  psid_1200  ,44.0,12.0,0.0,0.0,1.0,0.0,"$26,450.10","$25,959.68","$26,746.85",see codebook
  PSID_1201 ,47.0,13.0,0.0,0.0,1.0,0.0,"$26,450.10","$25,959.68","$26,625.68",see codebook
  psid_1202  ,46.0,14.0,0.0,0.0,1.0,0.0,"$26,450.10","$26,496.77","$29,554.53",see codebook
  psid_1203  ,25.0,12.0,0.0,0.0,1.0,0.0,"$26,450.10","$26,836.94","$35,465.44",see codebook
  PSID_1204 ,31.0,15.0,1.0,0.0,0.0,0.0,"$26,450.10","$26,854.84","$25,860.21",see codebook
  psid_1205  ,28.0,16.0,0.0,0.0,1.0,0.0,"$26,450.10","$26,854.84","$29,554.53",see codebook
  psid_1206  ,40.0,16.0,0.0,0.0,1.0,0.0,"$26,450.10","$26,854.84","$32,421.32",see codebook
  PSID_1207 ,40.0,16.0,0.0,0.0,1.0,0.0,"$26,450.10","$26,854.84","$32,421.32",see codebook
  psid_1208  ,28.0,12.0,0.0,0.0,1.0,0.0,"$26,450.10","$26,858.42","$29,480.64",see codebook
  psid_1209  ,29.0,15.0,0.0,0.0,1.0,0.0,"$26,450.10","$27,250.50","$28,815.67",see codebook
  PSID_1210 ,42.0,16.0,0.0,0.0,1.0,0.0,"$26,450.10","$27,499.36","$29,554.53",see codebook
  psid_1211  ,30.0,15.0,0.0,0.0,1.0,0.0,"$26,450.10","$27,570.97","$29,554.53",see codebook
  psid_1212  ,39.0,12.0,0.0,0.0,1.0,0.0,"$26,450.10","$27,750.00","$6,354.22",see codebook
  PSID_1213 ,30.0,16.0,0.0,0.0,1.0,0.0,"$26,450.10","$28,197.58","$29,554.53",see codebook
  psid_1214  ,50.0,12.0,0.0,0.0,1.0,0.0,"$26,450.10","$30,077.42","$26,599.08",see codebook
  psid_1215  ,29.0,17.0,0.0,0.0,0.0,0.0,"$26,614.68","$28,503.73","$29,315.14",see codebook
  PSID_1216 ,29.0,15.0,0.0,0.0,1.0,0.0,"$26,646.03","$19,693.55","$32,509.98",see codebook
  psid_1217  ,27.0,12.0,0.0,0.0,1.0,0.0,"$26,646.03","$29,540.32","$35,465.44",see codebook
  psid_1218  ,31.0,12.0,0.0,1.0,1.0,0.0,"$26,841.96","$6,982.26","$17,732.72",see codebook
  PSID_1219 ,31.0,12.0,0.0,1.0,1.0,0.0,"$26,841.96","$6,982.26","$17,732.72",see codebook
  psid_1220  ,29.0,12.0,0.0,0.0,1.0,0.0,"$26,841.96","$20,588.71","$42,854.07",see codebook
  psid_1221  ,27.0,16.0,0.0,0.0,1.0,0.0,"$26,841.96","$22,200.00","$19,210.45",see codebook
  PSID_1222 ,26.0,17.0,1.0,0.0,0.0,0.0,"$26,841.96","$25,243.55","$20,392.63",see codebook
  psid_1223  ,42.0,17.0,0.0,0.0,1.0,0.0,"$26,841.96","$31,330.64","$36,943.16",see codebook
  psid_1224  ,24.0,12.0,1.0,0.0,1.0,0.0,"$26,841.96","$31,688.71","$33,839.94",see codebook
  PSID_1225 ,48.0,12.0,1.0,0.0,1.0,0.0,"$26,908.57","$22,558.06","$36,943.16",see codebook
  psid_1226  ,25.0,13.0,0.0,0.0,1.0,0.0,"$26,996.74","$28,197.58","$22,165.90",see codebook
  psid_1227  ,21.0,12.0,1.0,0.0,1.0,0.0,"$27,037.88","$16,560.48","$20,688.17",see codebook
  PSID_1228 ,48.0,12.0,0.0,0.0,1.0,0.0,"$27,037.88","$25,064.52","$23,643.62",see codebook
  psid_1229  ,50.0,12.0,0.0,0.0,1.0,0.0,"$27,037.88","$26,854.84","$27,337.94",see codebook
  psid_1230  ,28.0,17.0,0.0,0.0,1.0,0.0,"$27,037.88","$27,750.00","$51,720.43",see codebook
  PSID_1231 ,29.0,17.0,0.0,0.0,0.0,0.0,"$27,037.88","$29,182.26","$26,599.08",see codebook
  psid_1232  ,33.0,17.0,0.0,0.0,1.0,0.0,"$27,037.88","$31,867.74","$28,815.67",see codebook
  psid_1233  ,52.0,12.0,0.0,0.0,1.0,0.0,"$27,220.09","$24,706.45","$32,509.98",see codebook
  PSID_1234 ,22.0,12.0,0.0,0.0,1.0,0.0,"$27,233.81","$14,322.58","$32,509.98",see codebook
  psid_1235  ,43.0,12.0,0.0,0.0,1.0,0.0,"$27,233.81","$25,064.52","$29,554.53",see codebook
  psid_1236  ,34.0,13.0,0.0,0.0,1.0,0.0,"$27,233.81","$25,064.52","$31,032.26",see codebook
  PSID_1237 ,46.0,12.0,0.0,0.0,1.0,0.0,"$27,233.81","$28,645.16","$28,076.80",see codebook
  psid_1238  ,31.0,17.0,0.0,0.0,1.0,0.0,"$27,429.73",$0.00,$0.00,see codebook
  psid_1239  ,28.0,13.0,0.0,0.0,1.0,0.0,"$27,429.73","$20,588.71","$23,578.61",see codebook
  PSID_1240 ,44.0,12.0,1.0,0.0,1.0,0.0,"$27,429.73","$21,483.87","$22,609.22",see codebook
  psid_1241  ,25.0,12.0,0.0,0.0,1.0,0.0,"$27,429.73","$21,483.87","$28,520.12",see codebook
  psid_1242  ,29.0,14.0,0.0,0.0,1.0,0.0,"$27,429.73","$22,099.74","$29,644.67",see codebook
  PSID_1243 ,24.0,16.0,0.0,0.0,0.0,0.0,"$27,429.73","$22,200.00","$25,712.44",see codebook
  psid_1244  ,31.0,12.0,0.0,0.0,1.0,0.0,"$27,429.73","$22,379.03",$0.00,see codebook
  psid_1245  ,40.0,12.0,1.0,0.0,1.0,0.0,"$27,429.73","$23,274.19","$38,420.89",see codebook
  PSID_1246 ,30.0,17.0,0.0,0.0,1.0,0.0,"$27,429.73","$25,064.52","$20,688.17",see codebook
  psid_1247  ,26.0,16.0,1.0,0.0,1.0,0.0,"$27,429.73","$25,064.52","$32,509.98",see codebook
  psid_1248  ,32.0,12.0,0.0,0.0,1.0,0.0,"$27,429.73","$25,064.52","$16,254.99",see codebook
  PSID_1249 ,26.0,15.0,0.0,0.0,1.0,0.0,"$27,429.73","$25,064.52","$28,815.67",see codebook
  psid_1250  ,28.0,16.0,0.0,0.0,1.0,0.0,"$27,429.73","$25,064.52","$31,032.26",see codebook
  psid_1251  ,54.0,13.0,0.0,0.0,1.0,0.0,"$27,429.73","$25,422.58","$24,382.49",see codebook
  PSID_1252 ,30.0,14.0,0.0,0.0,1.0,0.0,"$27,429.73","$25,780.64","$31,032.26",see codebook
  psid_1253  ,33.0,14.0,0.0,0.0,1.0,0.0,"$27,429.73","$25,959.68","$24,382.49",see codebook
  psid_1254  ,33.0,12.0,0.0,0.0,1.0,0.0,"$27,429.73","$25,959.68","$27,846.28",see codebook
  PSID_1255 ,26.0,12.0,0.0,0.0,1.0,0.0,"$27,429.73","$26,496.77","$32,509.98",see codebook
  psid_1256  ,44.0,13.0,0.0,0.0,1.0,0.0,"$27,429.73","$26,774.27","$35,465.44",see codebook
  psid_1257  ,49.0,12.0,0.0,0.0,1.0,0.0,"$27,429.73","$26,854.84","$26,599.08",see codebook
  PSID_1258 ,55.0,17.0,1.0,0.0,1.0,0.0,"$27,429.73","$26,854.84","$17,806.61",see codebook
  psid_1259  ,28.0,12.0,0.0,0.0,1.0,0.0,"$27,429.73","$26,854.84","$22,165.90",see codebook
  psid_1260  ,45.0,12.0,0.0,0.0,1.0,0.0,"$27,429.73","$26,854.84","$25,121.35",see codebook
  PSID_1261 ,30.0,14.0,1.0,0.0,1.0,0.0,"$27,429.73","$26,892.44","$20,688.17",see codebook
  psid_1262  ,40.0,12.0,0.0,0.0,1.0,0.0,"$27,429.73","$27,008.81","$25,440.54",see codebook
  psid_1263  ,27.0,17.0,0.0,0.0,1.0,0.0,"$27,429.73","$27,750.00","$26,599.08",see codebook
  PSID_1264 ,51.0,16.0,0.0,0.0,1.0,0.0,"$27,429.73","$28,645.16","$28,076.80",see codebook
  psid_1265  ,51.0,16.0,0.0,0.0,1.0,0.0,"$27,429.73","$28,645.16","$28,076.80",see codebook
  psid_1266  ,43.0,12.0,0.0,0.0,1.0,0.0,"$27,429.73","$28,645.16","$25,121.35",see codebook
  PSID_1267 ,37.0,12.0,0.0,0.0,1.0,0.0,"$27,429.73","$28,645.16",$0.00,see codebook
  psid_1268  ,37.0,12.0,0.0,0.0,1.0,0.0,"$27,429.73","$28,645.16",$0.00,see codebook
  psid_1269  ,38.0,14.0,0.0,0.0,1.0,0.0,"$27,429.73","$29,046.19","$27,929.03",see codebook
  PSID_1270 ,36.0,16.0,0.0,0.0,0.0,0.0,"$27,429.73","$30,256.45","$30,736.71",see codebook
  psid_1271  ,27.0,13.0,1.0,0.0,1.0,0.0,"$27,429.73","$30,435.48","$24,973.58",see codebook
  psid_1272  ,21.0,12.0,0.0,0.0,1.0,0.0,"$27,429.73","$30,435.48","$31,978.00",see codebook
  PSID_1273 ,25.0,14.0,0.0,0.0,0.0,0.0,"$27,429.73","$32,225.81","$31,032.26",see codebook
  psid_1274  ,33.0,13.0,0.0,0.0,1.0,0.0,"$27,429.73","$41,177.42","$38,420.89",see codebook
  psid_1275  ,38.0,14.0,0.0,0.0,1.0,0.0,"$27,429.73","$68,032.26","$26,599.08",see codebook
  PSID_1276 ,32.0,16.0,0.0,0.0,1.0,0.0,"$27,625.66","$29,540.32","$33,987.71",see codebook
  psid_1277  ,27.0,12.0,0.0,0.0,0.0,0.0,"$27,821.59","$27,212.90","$32,509.98",see codebook
  psid_1278  ,24.0,17.0,0.0,0.0,0.0,0.0,"$27,821.59","$27,570.97","$32,509.98",see codebook
  PSID_1279 ,43.0,12.0,0.0,0.0,1.0,0.0,"$27,821.59","$28,645.16","$32,509.98",see codebook
  psid_1280  ,26.0,17.0,0.0,0.0,1.0,0.0,"$27,843.14","$28,645.16","$49,651.61",see codebook
  psid_1281  ,33.0,12.0,0.0,0.0,1.0,0.0,"$28,017.52","$25,422.58","$22,756.99",see codebook
  PSID_1282 ,34.0,14.0,0.0,0.0,1.0,0.0,"$28,017.52","$26,854.84","$36,943.16",see codebook
  psid_1283  ,28.0,12.0,0.0,0.0,1.0,0.0,"$28,017.52","$29,540.32","$32,509.98",see codebook
  psid_1284  ,41.0,12.0,0.0,0.0,1.0,0.0,"$28,017.52","$30,435.48","$32,509.98",see codebook
  PSID_1285 ,25.0,12.0,0.0,0.0,1.0,0.0,"$28,017.52","$31,062.10","$28,076.80",see codebook
  psid_1286  ,28.0,17.0,0.0,0.0,1.0,0.0,"$28,017.52","$31,151.61","$31,032.26",see codebook
  psid_1287  ,26.0,13.0,1.0,0.0,1.0,0.0,"$28,105.68","$37,596.77","$58,653.92",see codebook
  PSID_1288 ,28.0,17.0,0.0,0.0,1.0,0.0,"$28,213.44","$25,422.58","$26,451.31",see codebook
  psid_1289  ,53.0,12.0,0.0,0.0,1.0,0.0,"$28,213.44","$26,854.84",$0.00,see codebook
  psid_1290  ,55.0,12.0,0.0,0.0,1.0,0.0,"$28,213.44","$33,206.90","$31,771.12",see codebook
  PSID_1291 ,29.0,14.0,0.0,0.0,1.0,0.0,"$28,409.37","$21,125.81","$23,348.08",see codebook
  psid_1292  ,39.0,14.0,0.0,0.0,1.0,0.0,"$28,409.37","$28,645.16","$31,032.26",see codebook
  psid_1293  ,31.0,16.0,0.0,0.0,1.0,0.0,"$28,409.37","$28,915.50","$32,509.98",see codebook
  PSID_1294 ,25.0,16.0,0.0,0.0,1.0,0.0,"$28,409.37","$29,540.32","$32,509.98",see codebook
  psid_1295  ,25.0,14.0,0.0,0.0,1.0,0.0,"$28,409.37","$30,435.48","$10,935.18",see codebook
  psid_1296  ,29.0,16.0,0.0,0.0,1.0,0.0,"$28,409.37","$32,225.81","$42,854.07",see codebook
  PSID_1297 ,29.0,16.0,1.0,0.0,1.0,0.0,"$28,409.37","$32,225.81","$29,554.53",see codebook
  psid_1298  ,27.0,14.0,0.0,0.0,1.0,0.0,"$28,409.37","$32,225.81","$39,898.62",see codebook
  psid_1299  ,34.0,16.0,0.0,0.0,1.0,0.0,"$28,409.37","$32,583.87","$35,465.44",see codebook
  PSID_1300 ,45.0,12.0,0.0,0.0,1.0,0.0,"$28,589.62","$28,263.82","$29,258.99",see codebook
  psid_1301  ,28.0,12.0,0.0,0.0,1.0,0.0,"$28,605.29","$20,588.71","$34,135.48",see codebook
  psid_1302  ,43.0,16.0,0.0,0.0,1.0,0.0,"$28,801.22","$27,929.03","$26,953.73",see codebook
  PSID_1303 ,54.0,12.0,0.0,0.0,1.0,0.0,"$28,889.39","$35,806.45","$31,032.26",see codebook
  psid_1304  ,29.0,16.0,0.0,0.0,1.0,0.0,"$28,899.19","$29,540.32",$0.00,see codebook
  psid_1305  ,55.0,12.0,0.0,0.0,1.0,0.0,"$29,100.99","$26,409.05","$29,369.82",see codebook
  PSID_1306 ,55.0,12.0,0.0,0.0,1.0,0.0,"$29,100.99","$26,409.05","$29,369.82",see codebook
  psid_1307  ,29.0,12.0,1.0,0.0,0.0,0.0,"$29,193.07","$15,396.77","$31,032.26",see codebook
  psid_1308  ,50.0,12.0,1.0,0.0,1.0,0.0,"$29,193.07","$17,903.23","$25,121.35",see codebook
  PSID_1309 ,24.0,12.0,0.0,0.0,1.0,0.0,"$29,193.07","$21,304.84","$19,242.96",see codebook
  psid_1310  ,26.0,12.0,0.0,0.0,1.0,0.0,"$29,330.22","$28,287.10","$38,420.89",see codebook
  psid_1311  ,41.0,13.0,0.0,0.0,0.0,0.0,"$29,389.00",$0.00,"$30,293.39",see codebook
  PSID_1312 ,47.0,17.0,0.0,0.0,1.0,0.0,"$29,389.00","$20,230.64","$42,410.75",see codebook
  psid_1313  ,28.0,17.0,0.0,0.0,1.0,0.0,"$29,389.00","$21,483.87","$19,210.45",see codebook
  psid_1314  ,42.0,12.0,0.0,0.0,1.0,0.0,"$29,389.00","$22,379.03","$28,490.57",see codebook
  PSID_1315 ,37.0,12.0,1.0,0.0,1.0,0.0,"$29,389.00","$22,379.03","$19,210.45",see codebook
  psid_1316  ,37.0,12.0,1.0,0.0,1.0,0.0,"$29,389.00","$22,379.03","$19,210.45",see codebook
  psid_1317  ,48.0,16.0,0.0,0.0,1.0,0.0,"$29,389.00","$23,274.19",$0.00,see codebook
  PSID_1318 ,21.0,12.0,0.0,0.0,1.0,0.0,"$29,389.00","$24,169.36","$28,815.67",see codebook
  psid_1319  ,46.0,12.0,0.0,0.0,1.0,0.0,"$29,389.00","$24,214.11","$33,987.71",see codebook
  psid_1320  ,29.0,12.0,0.0,0.0,1.0,0.0,"$29,389.00","$25,959.68","$35,465.44",see codebook
  PSID_1321 ,38.0,12.0,0.0,0.0,1.0,0.0,"$29,389.00","$26,496.77","$30,191.43",see codebook
  psid_1322  ,28.0,12.0,0.0,0.0,1.0,0.0,"$29,389.00","$26,854.84","$35,465.44",see codebook
  psid_1323  ,38.0,12.0,0.0,0.0,1.0,0.0,"$29,389.00","$26,854.84","$31,032.26",see codebook
  PSID_1324 ,53.0,12.0,0.0,0.0,1.0,0.0,"$29,389.00","$26,854.84","$26,599.08",see codebook
  psid_1325  ,46.0,12.0,0.0,0.0,1.0,0.0,"$29,389.00","$27,033.87","$27,781.26",see codebook
  psid_1326  ,46.0,12.0,0.0,0.0,1.0,0.0,"$29,389.00","$27,033.87","$27,781.26",see codebook
  PSID_1327 ,33.0,16.0,0.0,0.0,1.0,0.0,"$29,389.00","$27,750.00","$96,052.23",see codebook
  psid_1328  ,34.0,12.0,0.0,0.0,1.0,0.0,"$29,389.00","$27,912.92","$11,821.81",see codebook
  psid_1329  ,35.0,17.0,0.0,0.0,1.0,0.0,"$29,389.00","$28,645.16","$28,076.80",see codebook
  PSID_1330 ,53.0,12.0,0.0,0.0,1.0,0.0,"$29,389.00","$28,645.16","$29,554.53",see codebook
  psid_1331  ,26.0,12.0,0.0,0.0,1.0,0.0,"$29,389.00","$28,645.16","$33,987.71",see codebook
  psid_1332  ,26.0,16.0,0.0,0.0,1.0,0.0,"$29,389.00","$28,645.16","$35,022.12",see codebook
  PSID_1333 ,50.0,13.0,0.0,0.0,1.0,0.0,"$29,389.00","$29,540.32","$28,076.80",see codebook
  psid_1334  ,46.0,12.0,1.0,0.0,1.0,0.0,"$29,389.00","$30,435.48","$22,165.90",see codebook
  psid_1335  ,43.0,14.0,0.0,0.0,0.0,0.0,"$29,389.00","$30,435.48","$29,554.53",see codebook
  PSID_1336 ,26.0,14.0,0.0,0.0,0.0,0.0,"$29,389.00","$30,435.48","$29,554.53",see codebook
  psid_1337  ,33.0,17.0,0.0,0.0,1.0,0.0,"$29,389.00","$30,435.48","$31,032.26",see codebook
  psid_1338  ,33.0,17.0,0.0,0.0,1.0,0.0,"$29,389.00","$30,435.48","$19,210.45",see codebook
  PSID_1339 ,42.0,12.0,0.0,0.0,1.0,0.0,"$29,389.00","$30,437.27","$26,007.99",see codebook
  psid_1340  ,34.0,12.0,0.0,0.0,1.0,0.0,"$29,389.00","$30,793.55","$31,180.03",see codebook
  psid_1341  ,34.0,12.0,0.0,0.0,1.0,0.0,"$29,389.00","$30,793.55","$31,180.03",see codebook
  PSID_1342 ,34.0,17.0,0.0,0.0,1.0,0.0,"$29,389.00","$31,330.64","$25,712.44",see codebook
  psid_1343  ,37.0,17.0,0.0,0.0,1.0,0.0,"$29,389.00","$31,330.64","$33,987.71",see codebook
  psid_1344  ,34.0,17.0,0.0,0.0,1.0,0.0,"$29,389.00","$32,225.81","$32,672.54",see codebook
  PSID_1345 ,37.0,12.0,1.0,0.0,1.0,0.0,"$29,389.00","$32,225.81","$44,331.80",see codebook
  psid_1346  ,26.0,17.0,0.0,0.0,1.0,0.0,"$29,389.00","$32,225.81","$35,465.44",see codebook
  psid_1347  ,36.0,17.0,0.0,0.0,1.0,0.0,"$29,389.00","$34,911.29","$32,509.98",see codebook
  PSID_1348 ,28.0,14.0,0.0,0.0,0.0,0.0,"$29,389.00","$35,448.39","$33,987.71",see codebook
  psid_1349  ,31.0,12.0,0.0,0.0,1.0,0.0,"$29,389.00","$35,806.45","$39,159.75",see codebook
  psid_1350  ,25.0,14.0,0.0,0.0,1.0,0.0,"$29,389.00","$35,806.45","$33,839.94",see codebook
  PSID_1351 ,31.0,14.0,0.0,0.0,1.0,0.0,"$29,389.00","$35,806.45","$56,153.61",see codebook
  psid_1352  ,28.0,12.0,0.0,0.0,1.0,0.0,"$29,389.00","$41,177.42","$47,287.25",see codebook
  psid_1353  ,34.0,12.0,0.0,0.0,1.0,0.0,"$29,389.00","$42,967.74","$31,032.26",see codebook
  PSID_1354 ,47.0,14.0,1.0,0.0,1.0,0.0,"$29,390.96","$27,750.00","$36,647.62",see codebook
  psid_1355  ,35.0,12.0,0.0,0.0,1.0,0.0,"$29,422.31","$28,645.16","$29,554.53",see codebook
  psid_1356  ,35.0,15.0,1.0,0.0,1.0,0.0,"$29,477.17","$34,098.48","$19,062.67",see codebook
  PSID_1357 ,35.0,15.0,1.0,0.0,1.0,0.0,"$29,477.17","$34,098.48","$19,062.67",see codebook
  psid_1358  ,31.0,12.0,0.0,0.0,1.0,0.0,"$29,584.93","$26,854.84","$29,554.53",see codebook
  psid_1359  ,24.0,12.0,0.0,0.0,1.0,0.0,"$29,780.86","$30,883.06","$32,509.98",see codebook
  PSID_1360 ,28.0,12.0,0.0,0.0,1.0,0.0,"$29,976.78",$0.00,$0.00,see codebook
  psid_1361  ,27.0,16.0,0.0,0.0,1.0,0.0,"$29,976.78","$30,793.55","$51,720.43",see codebook
  psid_1362  ,47.0,12.0,0.0,0.0,1.0,0.0,"$30,074.74","$33,312.53","$15,072.81",see codebook
  PSID_1363 ,47.0,12.0,0.0,0.0,1.0,0.0,"$30,074.74","$33,312.53","$15,072.81",see codebook
  psid_1364  ,37.0,14.0,0.0,1.0,1.0,0.0,"$30,108.05","$26,854.84","$26,554.75",see codebook
  psid_1365  ,22.0,14.0,0.0,0.0,1.0,0.0,"$30,368.63","$20,588.71","$27,485.71",see codebook
  PSID_1366 ,47.0,12.0,0.0,0.0,1.0,0.0,"$30,368.63","$23,274.19","$25,860.21",see codebook
  psid_1367  ,32.0,14.0,0.0,0.0,1.0,0.0,"$30,368.63","$24,169.36","$22,165.90",see codebook
  psid_1368  ,29.0,15.0,0.0,0.0,0.0,0.0,"$30,368.63","$28,645.16","$44,331.80",see codebook
  PSID_1369 ,27.0,16.0,0.0,0.0,0.0,0.0,"$30,368.63","$31,330.64","$36,943.16",see codebook
  psid_1370  ,37.0,14.0,0.0,0.0,1.0,0.0,"$30,368.63","$44,758.07","$81,274.96",see codebook
  psid_1371  ,37.0,14.0,0.0,0.0,1.0,0.0,"$30,368.63","$44,758.07","$81,274.96",see codebook
  PSID_1372 ,43.0,12.0,0.0,0.0,1.0,0.0,"$30,564.56","$23,811.29","$31,032.26",see codebook
  psid_1373  ,43.0,12.0,0.0,0.0,1.0,0.0,"$30,564.56","$23,811.29","$31,032.26",see codebook
  psid_1374  ,34.0,12.0,0.0,0.0,1.0,0.0,"$30,564.56","$24,885.48","$24,678.03",see codebook
  PSID_1375 ,30.0,12.0,0.0,0.0,1.0,0.0,"$30,564.56","$26,854.84","$14,777.27",see codebook
  psid_1376  ,39.0,16.0,0.0,0.0,0.0,0.0,"$30,564.56","$28,645.16","$33,987.71",see codebook
  psid_1377  ,35.0,16.0,0.0,0.0,1.0,0.0,"$30,564.56","$29,540.32","$37,120.49",see codebook
  PSID_1378 ,28.0,12.0,0.0,0.0,1.0,0.0,"$30,564.56","$32,941.93","$36,204.30",see codebook
  psid_1379  ,32.0,12.0,0.0,0.0,1.0,0.0,"$30,564.56","$35,806.45","$23,052.54",see codebook
  psid_1380  ,26.0,12.0,0.0,0.0,1.0,0.0,"$30,564.56","$39,387.10","$39,898.62",see codebook
  PSID_1381 ,30.0,12.0,1.0,0.0,1.0,0.0,"$30,758.53","$35,448.39","$48,247.77",see codebook
  psid_1382  ,27.0,12.0,0.0,0.0,1.0,0.0,"$30,760.49","$25,064.52","$31,908.55",see codebook
  psid_1383  ,27.0,16.0,0.0,0.0,1.0,0.0,"$30,760.49","$26,317.74","$25,860.21",see codebook
  PSID_1384 ,28.0,12.0,0.0,0.0,1.0,0.0,"$30,760.49","$28,824.19","$39,898.62",see codebook
  psid_1385  ,39.0,12.0,0.0,0.0,1.0,0.0,"$30,760.49","$32,583.87","$34,726.57",see codebook
  psid_1386  ,28.0,15.0,1.0,0.0,1.0,0.0,"$30,768.33","$33,486.20","$30,828.33",see codebook
  PSID_1387 ,48.0,12.0,0.0,0.0,1.0,0.0,"$30,860.41","$29,269.98","$34,753.18",see codebook
  psid_1388  ,48.0,14.0,0.0,0.0,1.0,0.0,"$30,895.68","$34,732.26","$32,509.98",see codebook
  psid_1389  ,37.0,17.0,0.0,0.0,1.0,0.0,"$30,956.41","$30,435.48","$27,939.38",see codebook
  PSID_1390 ,49.0,17.0,0.0,0.0,1.0,0.0,"$30,956.41","$31,867.74","$35,465.44",see codebook
  psid_1391  ,25.0,15.0,0.0,0.0,1.0,0.0,"$30,956.41","$41,177.42","$35,465.44",see codebook
  psid_1392  ,27.0,15.0,0.0,0.0,1.0,0.0,"$31,152.34","$34,016.13","$43,001.84",see codebook
  PSID_1393 ,51.0,17.0,0.0,1.0,1.0,0.0,"$31,348.27",$0.00,"$88,663.59",see codebook
  psid_1394  ,24.0,15.0,0.0,0.0,1.0,0.0,"$31,348.27","$26,854.84","$26,599.08",see codebook
  psid_1395  ,31.0,17.0,0.0,0.0,1.0,0.0,"$31,348.27","$26,854.84","$32,509.98",see codebook
  PSID_1396 ,45.0,12.0,0.0,0.0,1.0,0.0,"$31,348.27","$27,391.94","$25,564.67",see codebook
  psid_1397  ,45.0,12.0,0.0,0.0,1.0,0.0,"$31,348.27","$27,391.94","$25,564.67",see codebook
  psid_1398  ,39.0,14.0,0.0,0.0,1.0,0.0,"$31,348.27","$27,750.00","$47,287.25",see codebook
  PSID_1399 ,39.0,14.0,0.0,0.0,1.0,0.0,"$31,348.27","$27,750.00","$47,287.25",see codebook
  psid_1400  ,25.0,17.0,0.0,0.0,1.0,0.0,"$31,348.27","$28,249.50","$35,561.49",see codebook
  psid_1401  ,53.0,17.0,0.0,0.0,1.0,0.0,"$31,348.27","$28,645.16","$27,929.03",see codebook
  PSID_1402 ,26.0,16.0,0.0,0.0,1.0,0.0,"$31,348.27","$28,645.16","$35,465.44",see codebook
  psid_1403  ,31.0,12.0,0.0,0.0,1.0,0.0,"$31,348.27","$28,645.16","$27,337.94",see codebook
  psid_1404  ,32.0,17.0,0.0,0.0,1.0,0.0,"$31,348.27","$28,645.16","$28,076.80",see codebook
  PSID_1405 ,48.0,17.0,0.0,0.0,1.0,0.0,"$31,348.27","$29,540.32","$32,951.82",see codebook
  psid_1406  ,47.0,17.0,0.0,0.0,0.0,0.0,"$31,348.27","$29,540.32","$29,258.99",see codebook
  psid_1407  ,44.0,16.0,0.0,0.0,1.0,0.0,"$31,348.27","$30,435.48","$19,210.45",see codebook
  PSID_1408 ,41.0,16.0,0.0,0.0,1.0,0.0,"$31,348.27","$30,435.48","$20,688.17",see codebook
  psid_1409  ,44.0,16.0,0.0,0.0,1.0,0.0,"$31,348.27","$30,435.48","$33,987.71",see codebook
  psid_1410  ,52.0,17.0,0.0,0.0,1.0,0.0,"$31,348.27","$31,293.05","$32,509.98",see codebook
  PSID_1411 ,40.0,12.0,0.0,0.0,1.0,0.0,"$31,348.27","$31,330.64","$27,633.49",see codebook
  psid_1412  ,52.0,12.0,0.0,0.0,0.0,0.0,"$31,348.27","$32,225.81","$32,509.98",see codebook
  psid_1413  ,53.0,16.0,0.0,0.0,1.0,0.0,"$31,348.27","$32,225.81","$32,509.98",see codebook
  PSID_1414 ,42.0,16.0,0.0,0.0,1.0,0.0,"$31,348.27","$32,225.81","$32,214.44",see codebook
  psid_1415  ,39.0,14.0,0.0,0.0,1.0,0.0,"$31,348.27","$32,569.55","$31,020.44",see codebook
  psid_1416  ,42.0,17.0,0.0,0.0,1.0,0.0,"$31,348.27","$32,762.90","$39,159.75",see codebook
  PSID_1417 ,31.0,14.0,0.0,0.0,1.0,0.0,"$31,348.27","$34,016.13","$38,986.86",see codebook
  psid_1418  ,47.0,14.0,0.0,0.0,1.0,0.0,"$31,348.27","$34,016.13","$25,150.91",see codebook
  psid_1419  ,51.0,16.0,0.0,0.0,1.0,0.0,"$31,348.27","$35,448.39","$44,331.80",see codebook
  PSID_1420 ,44.0,13.0,0.0,0.0,1.0,0.0,"$31,348.27","$35,806.45","$36,943.16",see codebook
  psid_1421  ,35.0,14.0,0.0,0.0,1.0,0.0,"$31,348.27","$36,630.00","$42,854.07",see codebook
  psid_1422  ,44.0,16.0,1.0,0.0,1.0,0.0,"$31,644.12","$30,621.68","$23,495.85",see codebook
  PSID_1423 ,46.0,12.0,0.0,0.0,1.0,0.0,"$31,740.12","$25,780.64","$17,437.17",see codebook
  psid_1424  ,32.0,14.0,0.0,0.0,1.0,0.0,"$31,818.49","$31,330.64","$70,930.88",see codebook
  psid_1425  ,29.0,16.0,0.0,0.0,1.0,0.0,"$31,936.05","$26,640.00","$24,825.81",see codebook
  PSID_1426 ,38.0,17.0,0.0,0.0,0.0,0.0,"$31,936.05","$33,300.00","$33,805.95",see codebook
  psid_1427  ,26.0,14.0,0.0,0.0,1.0,0.0,"$32,131.98","$29,898.39","$28,032.47",see codebook
  psid_1428  ,43.0,16.0,0.0,0.0,1.0,0.0,"$32,131.98","$31,330.64","$33,987.71",see codebook
  PSID_1429 ,45.0,16.0,0.0,0.0,0.0,0.0,"$32,131.98","$31,330.64","$31,401.69",see codebook
  psid_1430  ,34.0,17.0,0.0,0.0,0.0,0.0,"$32,131.98","$44,758.07","$9,161.91",see codebook
  psid_1431  ,49.0,14.0,0.0,0.0,1.0,0.0,"$32,327.90","$14,322.58","$24,530.26",see codebook
  PSID_1432 ,27.0,17.0,0.0,0.0,1.0,0.0,"$32,327.90","$25,064.52","$36,943.16",see codebook
  psid_1433  ,26.0,16.0,0.0,0.0,1.0,0.0,"$32,327.90","$27,750.00","$32,509.98",see codebook
  psid_1434  ,41.0,16.0,0.0,0.0,1.0,0.0,"$32,327.90","$31,330.64",$0.00,see codebook
  PSID_1435 ,43.0,14.0,0.0,0.0,1.0,0.0,"$32,327.90","$31,420.16","$31,032.26",see codebook
  psid_1436  ,28.0,13.0,0.0,0.0,1.0,0.0,"$32,327.90","$31,688.71","$40,637.48",see codebook
  psid_1437  ,28.0,12.0,1.0,0.0,1.0,0.0,"$32,327.90","$32,225.81","$39,898.62",see codebook
  PSID_1438 ,27.0,16.0,0.0,0.0,1.0,0.0,"$32,327.90","$32,225.81","$39,159.75",see codebook
  psid_1439  ,32.0,12.0,0.0,0.0,1.0,0.0,"$32,327.90","$32,225.81","$32,509.98",see codebook
  psid_1440  ,31.0,12.0,0.0,0.0,1.0,0.0,"$32,327.90","$32,225.81","$32,509.98",see codebook
  PSID_1441 ,38.0,17.0,0.0,0.0,0.0,0.0,"$32,327.90","$32,225.81","$43,297.39",see codebook
  psid_1442  ,43.0,12.0,0.0,0.0,0.0,0.0,"$32,327.90","$33,479.03","$33,987.71",see codebook
  psid_1443  ,34.0,17.0,0.0,0.0,1.0,0.0,"$32,327.90","$34,016.13","$33,987.71",see codebook
  PSID_1444 ,22.0,14.0,0.0,0.0,1.0,0.0,"$32,327.90","$41,177.42","$32,509.98",see codebook
  psid_1445  ,50.0,14.0,0.0,0.0,1.0,0.0,"$32,602.20","$27,889.64","$27,314.30",see codebook
  psid_1446  ,44.0,14.0,0.0,0.0,1.0,0.0,"$32,719.76","$29,540.32","$26,952.26",see codebook
  PSID_1447 ,53.0,12.0,0.0,0.0,1.0,0.0,"$32,868.66","$31,509.68","$18,914.90",see codebook
  psid_1448  ,47.0,12.0,0.0,0.0,1.0,0.0,"$32,915.68","$27,750.00","$18,914.90",see codebook
  psid_1449  ,47.0,12.0,0.0,0.0,1.0,0.0,"$32,915.68","$27,750.00","$18,914.90",see codebook
  PSID_1450 ,41.0,16.0,1.0,0.0,1.0,0.0,"$33,307.54","$23,274.19","$22,165.90",see codebook
  psid_1451  ,41.0,16.0,1.0,0.0,1.0,0.0,"$33,307.54","$23,274.19","$22,165.90",see codebook
  psid_1452  ,41.0,16.0,1.0,0.0,1.0,0.0,"$33,307.54","$23,274.19","$22,165.90",see codebook
  PSID_1453 ,48.0,16.0,0.0,0.0,1.0,0.0,"$33,307.54","$26,058.14","$31,918.89",see codebook
  psid_1454  ,48.0,16.0,0.0,0.0,1.0,0.0,"$33,307.54","$26,058.14","$31,918.89",see codebook
  psid_1455  ,36.0,13.0,0.0,0.0,1.0,0.0,"$33,307.54","$28,645.16","$28,372.35",see codebook
  PSID_1456 ,49.0,12.0,0.0,0.0,1.0,0.0,"$33,307.54","$28,645.16","$32,580.92",see codebook
  psid_1457  ,33.0,17.0,1.0,0.0,1.0,0.0,"$33,307.54","$29,540.32","$17,732.72",see codebook
  psid_1458  ,49.0,14.0,0.0,0.0,1.0,0.0,"$33,307.54","$30,435.48","$29,554.53",see codebook
  PSID_1459 ,36.0,12.0,0.0,0.0,1.0,0.0,"$33,307.54","$30,435.48","$31,032.26",see codebook
  psid_1460  ,50.0,17.0,0.0,0.0,1.0,0.0,"$33,307.54","$30,435.48","$25,860.21",see codebook
  psid_1461  ,36.0,12.0,0.0,0.0,1.0,0.0,"$33,307.54","$30,435.48","$41,376.34",see codebook
  PSID_1462 ,27.0,16.0,0.0,0.0,1.0,0.0,"$33,307.54","$30,435.48",$0.00,see codebook
  psid_1463  ,52.0,16.0,0.0,0.0,1.0,0.0,"$33,307.54","$30,793.55","$28,815.67",see codebook
  psid_1464  ,38.0,12.0,0.0,0.0,1.0,0.0,"$33,307.54","$31,330.64","$31,771.12",see codebook
  PSID_1465 ,25.0,14.0,0.0,0.0,1.0,0.0,"$33,307.54","$31,330.64","$35,760.98",see codebook
  psid_1466  ,33.0,17.0,0.0,0.0,1.0,0.0,"$33,307.54","$31,867.74","$35,465.44",see codebook
  psid_1467  ,30.0,12.0,0.0,0.0,1.0,0.0,"$33,307.54","$32,046.77","$37,682.03",see codebook
  PSID_1468 ,53.0,12.0,0.0,0.0,1.0,0.0,"$33,307.54","$32,225.81","$33,544.39",see codebook
  psid_1469  ,34.0,12.0,0.0,0.0,1.0,0.0,"$33,307.54","$32,583.87","$31,032.26",see codebook
  psid_1470  ,36.0,12.0,0.0,0.0,1.0,0.0,"$33,307.54","$33,120.97","$33,987.71",see codebook
  PSID_1471 ,42.0,13.0,0.0,0.0,1.0,0.0,"$33,307.54","$33,120.97","$44,331.80",see codebook
  psid_1472  ,34.0,12.0,0.0,0.0,1.0,0.0,"$33,307.54","$34,016.13","$32,509.98",see codebook
  psid_1473  ,29.0,17.0,0.0,0.0,1.0,0.0,"$33,307.54","$34,016.13","$26,980.33",see codebook
  PSID_1474 ,52.0,12.0,0.0,0.0,1.0,0.0,"$33,307.54","$34,171.89","$28,667.90",see codebook
  psid_1475  ,42.0,14.0,0.0,0.0,1.0,0.0,"$33,307.54","$37,596.77","$48,764.98",see codebook
  psid_1476  ,53.0,15.0,0.0,0.0,1.0,0.0,"$33,307.54","$37,596.77","$38,420.89",see codebook
  PSID_1477 ,32.0,13.0,1.0,0.0,1.0,0.0,"$33,307.54","$37,596.77","$46,891.22",see codebook
  psid_1478  ,39.0,12.0,0.0,0.0,1.0,0.0,"$33,307.54","$39,387.10","$28,076.80",see codebook
  psid_1479  ,28.0,16.0,0.0,0.0,1.0,0.0,"$33,307.54","$39,387.10","$34,726.57",see codebook
  PSID_1480 ,28.0,12.0,1.0,0.0,1.0,0.0,"$33,503.46","$26,854.84","$25,121.35",see codebook
  psid_1481  ,26.0,14.0,0.0,0.0,1.0,0.0,"$33,503.46","$36,032.03","$34,559.59",see codebook
  psid_1482  ,25.0,14.0,1.0,0.0,1.0,0.0,"$33,699.39","$17,724.19","$25,121.35",see codebook
  PSID_1483 ,52.0,12.0,0.0,0.0,1.0,0.0,"$33,895.32","$47,622.58","$39,011.98",see codebook
  psid_1484  ,35.0,16.0,0.0,0.0,1.0,0.0,"$34,091.24","$26,854.84","$31,032.26",see codebook
  psid_1485  ,44.0,12.0,0.0,0.0,1.0,0.0,"$34,091.24","$32,046.77","$35,465.44",see codebook
  PSID_1486 ,33.0,15.0,0.0,0.0,1.0,0.0,"$34,091.24","$34,016.13","$33,248.85",see codebook
  psid_1487  ,29.0,12.0,0.0,1.0,1.0,0.0,"$34,287.17","$26,541.53","$39,159.75",see codebook
  psid_1488  ,53.0,16.0,0.0,0.0,1.0,0.0,"$34,287.17","$28,645.16","$22,165.90",see codebook
  PSID_1489 ,26.0,16.0,0.0,0.0,1.0,0.0,"$34,287.17","$32,225.81","$36,943.16",see codebook
  psid_1490  ,37.0,17.0,0.0,0.0,1.0,0.0,"$34,287.17","$35,806.45","$41,376.34",see codebook
  psid_1491  ,45.0,12.0,0.0,0.0,1.0,0.0,"$34,287.17","$35,806.45","$31,032.26",see codebook
  PSID_1492 ,27.0,17.0,0.0,0.0,1.0,0.0,"$34,287.17","$37,596.77","$39,307.53",see codebook
  psid_1493  ,38.0,12.0,1.0,0.0,1.0,0.0,"$34,483.10","$23,632.26","$19,210.45",see codebook
  psid_1494  ,34.0,13.0,0.0,0.0,1.0,0.0,"$34,483.10","$31,509.68","$33,396.62",see codebook
  PSID_1495 ,34.0,12.0,0.0,0.0,1.0,0.0,"$34,731.92","$30,435.48","$39,898.62",see codebook
  psid_1496  ,32.0,14.0,0.0,0.0,1.0,0.0,"$34,874.95","$35,788.55","$41,376.34",see codebook
  psid_1497  ,32.0,12.0,0.0,0.0,0.0,0.0,"$35,070.88","$32,225.81","$27,337.94",see codebook
  PSID_1498 ,29.0,14.0,0.0,0.0,1.0,0.0,"$35,266.80","$16,112.90","$20,688.17",see codebook
  psid_1499  ,38.0,12.0,1.0,0.0,1.0,0.0,"$35,266.80","$25,064.52","$36,943.16",see codebook
  psid_1500  ,25.0,14.0,1.0,0.0,1.0,0.0,"$35,266.80","$25,601.61","$33,101.07",see codebook
  PSID_1501 ,35.0,12.0,0.0,0.0,1.0,0.0,"$35,266.80","$26,854.84","$32,509.98",see codebook
  psid_1502  ,35.0,12.0,0.0,0.0,1.0,0.0,"$35,266.80","$26,854.84","$32,509.98",see codebook
  psid_1503  ,31.0,17.0,0.0,0.0,1.0,0.0,"$35,266.80","$31,806.87","$62,064.52",see codebook
  PSID_1504 ,49.0,12.0,0.0,0.0,1.0,0.0,"$35,266.80","$32,225.81","$47,287.25",see codebook
  psid_1505  ,55.0,12.0,0.0,0.0,1.0,0.0,"$35,266.80","$32,225.81","$25,860.21",see codebook
  psid_1506  ,32.0,12.0,0.0,0.0,1.0,0.0,"$35,266.80","$32,225.81","$33,987.71",see codebook
  PSID_1507 ,46.0,14.0,0.0,0.0,1.0,0.0,"$35,266.80","$33,120.97","$33,987.71",see codebook
  psid_1508  ,28.0,15.0,0.0,0.0,1.0,0.0,"$35,266.80","$34,016.13","$35,465.44",see codebook
  psid_1509  ,34.0,16.0,0.0,0.0,1.0,0.0,"$35,266.80","$34,016.13","$35,465.44",see codebook
  PSID_1510 ,35.0,16.0,0.0,0.0,1.0,0.0,"$35,266.80","$34,016.13","$40,489.71",see codebook
  psid_1511  ,34.0,12.0,0.0,0.0,1.0,0.0,"$35,266.80","$35,806.45","$36,943.16",see codebook
  psid_1512  ,40.0,16.0,0.0,0.0,1.0,0.0,"$35,266.80","$35,806.45","$36,943.16",see codebook
  PSID_1513 ,40.0,16.0,0.0,0.0,1.0,0.0,"$35,266.80","$35,806.45","$36,943.16",see codebook
  psid_1514  ,29.0,14.0,0.0,0.0,1.0,0.0,"$35,266.80","$37,596.77","$45,809.52",see codebook
  psid_1515  ,45.0,12.0,0.0,0.0,1.0,0.0,"$35,266.80","$38,366.61","$38,420.89",see codebook
  PSID_1516 ,34.0,16.0,0.0,0.0,1.0,0.0,"$35,266.80","$39,387.10","$41,671.89",see codebook
  psid_1517  ,47.0,12.0,0.0,0.0,1.0,0.0,"$35,266.80","$40,103.23","$42,262.98",see codebook
  psid_1518  ,31.0,16.0,0.0,0.0,1.0,0.0,"$35,266.80","$41,177.42","$35,465.44",see codebook
  PSID_1519 ,53.0,12.0,1.0,0.0,1.0,0.0,"$35,266.80","$42,967.74","$35,465.44",see codebook
  psid_1520  ,51.0,12.0,0.0,0.0,1.0,0.0,"$35,266.80","$44,758.07",$0.00,see codebook
  psid_1521  ,40.0,16.0,0.0,0.0,1.0,0.0,"$35,266.80","$44,758.07","$56,153.61",see codebook
  PSID_1522 ,27.0,12.0,0.0,0.0,1.0,0.0,"$35,266.80","$53,888.71","$14,777.27",see codebook
  psid_1523  ,33.0,16.0,0.0,1.0,1.0,0.0,"$35,266.80","$85,935.48","$96,052.23",see codebook
  psid_1524  ,41.0,16.0,0.0,0.0,1.0,0.0,"$35,582.24","$34,016.13","$42,854.07",see codebook
  PSID_1525 ,41.0,16.0,0.0,0.0,1.0,0.0,"$35,582.24","$34,016.13","$42,854.07",see codebook
  psid_1526  ,33.0,12.0,0.0,0.0,1.0,0.0,"$35,658.66","$34,016.13","$32,509.98",see codebook
  psid_1527  ,53.0,13.0,0.0,0.0,1.0,0.0,"$35,658.66","$35,806.45","$35,465.44",see codebook
  PSID_1528 ,45.0,12.0,0.0,0.0,1.0,0.0,"$35,756.62","$31,509.68","$27,377.84",see codebook
  psid_1529  ,50.0,17.0,0.0,0.0,1.0,0.0,"$36,050.51","$37,596.77","$13,299.54",see codebook
  psid_1530  ,37.0,14.0,0.0,0.0,1.0,0.0,"$36,197.45","$29,361.29","$21,870.35",see codebook
  PSID_1531 ,27.0,16.0,0.0,0.0,1.0,0.0,"$36,246.44",$0.00,$0.00,see codebook
  psid_1532  ,27.0,16.0,0.0,0.0,1.0,0.0,"$36,246.44","$28,192.21","$40,903.47",see codebook
  psid_1533  ,48.0,12.0,0.0,0.0,1.0,0.0,"$36,246.44","$31,330.64","$32,509.98",see codebook
  PSID_1534 ,47.0,12.0,0.0,0.0,1.0,0.0,"$36,246.44","$31,796.13","$42,854.07",see codebook
  psid_1535  ,47.0,17.0,0.0,0.0,1.0,0.0,"$36,246.44","$34,016.13","$35,465.44",see codebook
  psid_1536  ,33.0,15.0,0.0,0.0,1.0,0.0,"$36,246.44","$34,213.07","$35,465.44",see codebook
  PSID_1537 ,32.0,17.0,0.0,0.0,1.0,0.0,"$36,640.25","$34,016.13","$57,631.34",see codebook
  psid_1538  ,34.0,14.0,0.0,0.0,1.0,0.0,"$36,834.21",$0.00,$0.00,see codebook
  psid_1539  ,43.0,17.0,0.0,0.0,1.0,0.0,"$37,226.07","$16,650.00","$30,441.17",see codebook
  PSID_1540 ,31.0,14.0,0.0,0.0,1.0,0.0,"$37,226.07","$17,903.23","$25,860.21",see codebook
  psid_1541  ,26.0,12.0,0.0,0.0,1.0,0.0,"$37,226.07","$25,959.68","$26,599.08",see codebook
  psid_1542  ,29.0,14.0,0.0,0.0,0.0,0.0,"$37,226.07","$27,284.52","$36,943.16",see codebook
  PSID_1543 ,44.0,17.0,0.0,0.0,1.0,0.0,"$37,226.07","$32,075.42","$37,386.48",see codebook
  psid_1544  ,36.0,17.0,0.0,1.0,1.0,0.0,"$37,226.07","$33,300.00","$39,603.07",see codebook
  psid_1545  ,26.0,17.0,0.0,0.0,1.0,0.0,"$37,226.07","$34,016.13","$44,331.80",see codebook
  PSID_1546 ,28.0,16.0,0.0,0.0,1.0,0.0,"$37,226.07","$34,016.13","$35,465.44",see codebook
  psid_1547  ,35.0,17.0,0.0,0.0,1.0,0.0,"$37,226.07","$35,806.45","$39,898.62",see codebook
  psid_1548  ,52.0,12.0,0.0,0.0,1.0,0.0,"$37,226.07","$35,831.52","$48,764.98",see codebook
  PSID_1549 ,36.0,13.0,0.0,0.0,0.0,0.0,"$37,226.07","$36,150.20","$44,308.15",see codebook
  psid_1550  ,28.0,17.0,0.0,0.0,1.0,0.0,"$37,226.07","$37,507.26","$38,420.89",see codebook
  psid_1551  ,44.0,17.0,0.0,0.0,1.0,0.0,"$37,226.07","$37,596.77","$36,204.30",see codebook
  PSID_1552 ,37.0,13.0,0.0,0.0,1.0,0.0,"$37,226.07","$37,596.77","$39,529.19",see codebook
  psid_1553  ,51.0,12.0,0.0,0.0,1.0,0.0,"$37,226.07","$38,939.52","$35,465.44",see codebook
  psid_1554  ,50.0,12.0,0.0,0.0,1.0,0.0,"$37,226.07","$39,029.03","$36,943.16",see codebook
  PSID_1555 ,29.0,12.0,0.0,0.0,1.0,0.0,"$37,226.07","$39,924.20","$27,918.69",see codebook
  psid_1556  ,32.0,17.0,0.0,0.0,1.0,0.0,"$37,226.07","$46,548.39","$25,121.35",see codebook
  psid_1557  ,38.0,14.0,0.0,0.0,1.0,0.0,"$37,226.07","$50,129.03","$44,331.80",see codebook
  PSID_1558 ,47.0,17.0,0.0,0.0,1.0,0.0,"$37,343.62","$28,906.55","$35,732.91",see codebook
  psid_1559  ,47.0,17.0,0.0,0.0,1.0,0.0,"$37,343.62","$28,906.55","$35,732.91",see codebook
  psid_1560  ,31.0,17.0,0.0,0.0,1.0,0.0,"$38,009.78","$36,705.20","$42,854.07",see codebook
  PSID_1561 ,50.0,16.0,0.0,0.0,1.0,0.0,"$38,205.70","$34,911.29","$33,987.71",see codebook
  psid_1562  ,39.0,12.0,0.0,0.0,1.0,0.0,"$38,205.70","$39,387.10","$43,740.71",see codebook
  psid_1563  ,27.0,13.0,0.0,0.0,1.0,0.0,"$38,401.63","$34,016.13","$11,128.76",see codebook
  PSID_1564 ,46.0,16.0,0.0,0.0,1.0,0.0,"$38,597.55","$37,596.77","$48,764.98",see codebook
  psid_1565  ,46.0,16.0,0.0,0.0,1.0,0.0,"$38,597.55","$37,596.77","$48,764.98",see codebook
  psid_1566  ,33.0,16.0,0.0,0.0,1.0,0.0,"$38,597.55","$41,177.42","$42,854.07",see codebook
  PSID_1567 ,25.0,16.0,0.0,0.0,0.0,0.0,"$39,185.34",$0.00,"$23,389.46",see codebook
  psid_1568  ,36.0,12.0,0.0,0.0,1.0,0.0,"$39,185.34","$15,217.74","$16,254.99",see codebook
  psid_1569  ,39.0,12.0,0.0,0.0,1.0,0.0,"$39,185.34","$24,169.36","$23,643.62",see codebook
  PSID_1570 ,35.0,17.0,0.0,0.0,1.0,0.0,"$39,185.34","$30,435.48","$33,426.18",see codebook
  psid_1571  ,35.0,17.0,0.0,0.0,1.0,0.0,"$39,185.34","$30,435.48","$33,426.18",see codebook
  psid_1572  ,46.0,17.0,0.0,0.0,1.0,0.0,"$39,185.34","$31,330.64","$31,298.25",see codebook
  PSID_1573 ,31.0,17.0,0.0,0.0,1.0,0.0,"$39,185.34","$33,120.97","$47,287.25",see codebook
  psid_1574  ,52.0,15.0,0.0,0.0,1.0,0.0,"$39,185.34","$35,806.45","$38,420.89",see codebook
  psid_1575  ,50.0,16.0,0.0,0.0,0.0,0.0,"$39,185.34","$35,806.45","$40,637.48",see codebook
  PSID_1576 ,49.0,12.0,0.0,0.0,1.0,0.0,"$39,185.34","$35,806.45","$33,987.71",see codebook
  psid_1577  ,53.0,16.0,0.0,0.0,1.0,0.0,"$39,185.34","$35,806.45","$51,720.43",see codebook
  psid_1578  ,44.0,14.0,0.0,0.0,1.0,0.0,"$39,185.34","$35,806.45","$35,465.44",see codebook
  PSID_1579 ,46.0,16.0,0.0,0.0,1.0,0.0,"$39,185.34","$35,806.45","$36,943.16",see codebook
  psid_1580  ,42.0,14.0,0.0,0.0,1.0,0.0,"$39,185.34","$36,701.61","$39,898.62",see codebook
  psid_1581  ,43.0,12.0,0.0,0.0,1.0,0.0,"$39,185.34","$36,701.61","$45,809.52",see codebook
  PSID_1582 ,28.0,12.0,1.0,0.0,1.0,0.0,"$39,185.34","$36,776.80","$34,726.57",see codebook
  psid_1583  ,54.0,15.0,0.0,0.0,1.0,0.0,"$39,185.34","$37,471.45","$39,304.57",see codebook
  psid_1584  ,42.0,16.0,0.0,0.0,1.0,0.0,"$39,185.34","$37,596.77","$47,287.25",see codebook
  PSID_1585 ,34.0,16.0,0.0,0.0,1.0,0.0,"$39,185.34","$37,596.77","$39,898.62",see codebook
  psid_1586  ,29.0,13.0,1.0,0.0,1.0,0.0,"$39,185.34","$37,596.77","$38,420.89",see codebook
  psid_1587  ,47.0,16.0,0.0,0.0,1.0,0.0,"$39,185.34","$39,387.10","$38,420.89",see codebook
  PSID_1588 ,33.0,16.0,0.0,0.0,1.0,0.0,"$39,185.34","$39,387.10","$44,331.80",see codebook
  psid_1589  ,40.0,17.0,0.0,1.0,1.0,0.0,"$39,185.34","$41,177.42","$33,987.71",see codebook
  psid_1590  ,40.0,17.0,0.0,1.0,1.0,0.0,"$39,185.34","$41,177.42","$33,987.71",see codebook
  PSID_1591 ,45.0,14.0,0.0,0.0,1.0,0.0,"$39,185.34","$42,538.07","$36,943.16",see codebook
  psid_1592  ,31.0,16.0,0.0,0.0,1.0,0.0,"$39,185.34","$42,967.74","$76,841.78",see codebook
  psid_1593  ,32.0,12.0,0.0,0.0,1.0,0.0,"$39,185.34","$42,967.74","$41,376.34",see codebook
  PSID_1594 ,27.0,17.0,0.0,0.0,1.0,0.0,"$39,185.34","$44,758.07","$29,554.53",see codebook
  psid_1595  ,44.0,17.0,0.0,0.0,1.0,0.0,"$39,185.34","$44,758.07","$51,720.43",see codebook
  psid_1596  ,38.0,17.0,0.0,0.0,1.0,0.0,"$39,185.34","$48,338.71","$47,287.25",see codebook
  PSID_1597 ,27.0,17.0,0.0,0.0,0.0,0.0,"$40,164.97","$41,177.42","$44,331.80",see codebook
  psid_1598  ,38.0,12.0,1.0,0.0,1.0,0.0,"$40,570.54","$10,741.93","$27,190.17",see codebook
  psid_1599  ,39.0,17.0,0.0,0.0,1.0,0.0,"$40,752.75",$0.00,$0.00,see codebook
  PSID_1600 ,46.0,14.0,0.0,0.0,1.0,0.0,"$41,144.60","$30,256.45","$35,465.44",see codebook
  psid_1601  ,25.0,17.0,0.0,0.0,1.0,0.0,"$41,144.60","$35,806.45","$38,420.89",see codebook
  psid_1602  ,52.0,12.0,0.0,0.0,1.0,0.0,"$41,144.60","$37,596.77","$36,943.16",see codebook
  PSID_1603 ,35.0,15.0,0.0,0.0,1.0,0.0,"$41,144.60","$39,387.10","$35,465.44",see codebook
  psid_1604  ,53.0,12.0,0.0,0.0,1.0,0.0,"$41,144.60","$42,967.74","$39,898.62",see codebook
  psid_1605  ,33.0,16.0,0.0,0.0,1.0,0.0,"$41,144.60","$42,967.74","$41,080.80",see codebook
  PSID_1606 ,30.0,16.0,0.0,0.0,1.0,0.0,"$41,144.60","$42,967.74","$47,287.25",see codebook
  psid_1607  ,51.0,16.0,0.0,0.0,1.0,0.0,"$41,144.60","$44,758.07","$48,764.98",see codebook
  psid_1608  ,36.0,12.0,1.0,0.0,1.0,0.0,"$41,732.38","$37,596.77","$31,032.26",see codebook
  PSID_1609 ,33.0,13.0,0.0,0.0,1.0,0.0,"$41,732.38","$47,264.52","$51,073.19",see codebook
  psid_1610  ,50.0,17.0,0.0,0.0,1.0,0.0,"$42,124.23",$0.00,"$70,930.88",see codebook
  psid_1611  ,47.0,16.0,0.0,0.0,1.0,0.0,"$42,124.23","$41,177.42","$44,331.80",see codebook
  PSID_1612 ,36.0,14.0,0.0,0.0,1.0,0.0,"$42,124.23","$42,072.58","$41,376.34",see codebook
  psid_1613  ,48.0,12.0,0.0,0.0,1.0,0.0,"$42,124.23","$42,967.74","$36,943.16",see codebook
  psid_1614  ,48.0,12.0,0.0,0.0,1.0,0.0,"$42,124.23","$42,967.74","$36,943.16",see codebook
  PSID_1615 ,48.0,17.0,0.0,0.0,1.0,0.0,"$42,294.69","$41,177.42","$41,376.34",see codebook
  psid_1616  ,37.0,17.0,0.0,0.0,1.0,0.0,"$42,712.02","$43,862.90","$31,032.26",see codebook
  psid_1617  ,50.0,17.0,0.0,0.0,1.0,0.0,"$42,907.94","$44,758.07","$39,898.62",see codebook
  PSID_1618 ,34.0,16.0,0.0,0.0,1.0,0.0,"$43,103.87","$21,304.84","$20,688.17",see codebook
  psid_1619  ,30.0,12.0,1.0,0.0,1.0,0.0,"$43,103.87","$21,483.87","$26,599.08",see codebook
  psid_1620  ,28.0,16.0,0.0,0.0,1.0,0.0,"$43,103.87","$32,225.81","$38,420.89",see codebook
  PSID_1621 ,37.0,12.0,0.0,0.0,0.0,0.0,"$43,103.87","$32,225.81","$32,509.98",see codebook
  psid_1622  ,46.0,12.0,0.0,0.0,1.0,0.0,"$43,103.87","$35,806.45","$31,032.26",see codebook
  psid_1623  ,32.0,12.0,0.0,1.0,1.0,0.0,"$43,103.87","$37,596.77","$38,420.89",see codebook
  PSID_1624 ,29.0,12.0,0.0,0.0,0.0,0.0,"$43,103.87","$37,596.77","$50,242.70",see codebook
  psid_1625  ,40.0,16.0,0.0,0.0,1.0,0.0,"$43,103.87","$39,387.10","$45,809.52",see codebook
  psid_1626  ,44.0,15.0,0.0,0.0,1.0,0.0,"$43,103.87","$39,387.10","$51,232.78",see codebook
  PSID_1627 ,38.0,12.0,0.0,0.0,1.0,0.0,"$43,103.87","$41,177.42","$36,943.16",see codebook
  psid_1628  ,51.0,12.0,0.0,0.0,1.0,0.0,"$43,103.87","$41,356.45","$7,388.63",see codebook
  psid_1629  ,33.0,17.0,0.0,0.0,1.0,0.0,"$43,103.87","$43,236.29","$40,415.82",see codebook
  PSID_1630 ,31.0,16.0,0.0,0.0,0.0,0.0,"$43,103.87","$44,364.20","$54,675.88",see codebook
  psid_1631  ,43.0,17.0,0.0,0.0,1.0,0.0,"$43,103.87","$44,758.07","$41,376.34",see codebook
  psid_1632  ,45.0,16.0,0.0,0.0,1.0,0.0,"$43,103.87","$48,338.71","$59,109.06",see codebook
  PSID_1633 ,33.0,17.0,0.0,0.0,1.0,0.0,"$43,566.26","$42,967.74","$40,785.25",see codebook
  psid_1634  ,25.0,12.0,0.0,0.0,1.0,0.0,"$43,691.65","$30,435.48","$33,987.71",see codebook
  psid_1635  ,51.0,12.0,0.0,0.0,1.0,0.0,"$44,083.50","$41,177.42","$48,764.98",see codebook
  PSID_1636 ,41.0,17.0,0.0,0.0,1.0,0.0,"$44,083.50","$43,862.90","$66,497.70",see codebook
  psid_1637  ,42.0,12.0,0.0,0.0,1.0,0.0,"$44,475.36","$47,232.29","$70,930.88",see codebook
  psid_1638  ,37.0,13.0,0.0,0.0,1.0,0.0,"$45,063.14","$35,806.45","$27,337.94",see codebook
  PSID_1639 ,29.0,17.0,0.0,0.0,1.0,0.0,"$45,063.14","$35,806.45",$0.00,see codebook
  psid_1640  ,37.0,15.0,0.0,1.0,1.0,0.0,"$45,063.14","$39,387.10","$45,809.52",see codebook
  psid_1641  ,46.0,16.0,0.0,0.0,1.0,0.0,"$45,063.14","$46,011.29","$42,854.07",see codebook
  PSID_1642 ,40.0,12.0,0.0,0.0,1.0,0.0,"$45,063.14","$48,338.71","$44,331.80",see codebook
  psid_1643  ,46.0,17.0,0.0,0.0,1.0,0.0,"$45,063.14","$57,290.32","$36,943.16",see codebook
  psid_1644  ,47.0,12.0,0.0,0.0,1.0,0.0,"$45,063.14","$62,661.29",$0.00,see codebook
  PSID_1645 ,34.0,13.0,0.0,0.0,1.0,0.0,"$45,846.84","$42,072.58","$41,376.34",see codebook
  psid_1646  ,52.0,17.0,0.0,0.0,1.0,0.0,"$46,042.77","$59,080.64","$70,930.88",see codebook
  psid_1647  ,52.0,17.0,0.0,0.0,1.0,0.0,"$46,042.77","$59,080.64","$70,930.88",see codebook
  PSID_1648 ,50.0,12.0,0.0,0.0,1.0,0.0,"$47,022.40","$44,758.07","$8,866.36",see codebook
  psid_1649  ,49.0,17.0,0.0,0.0,1.0,0.0,"$47,022.40","$46,548.39","$42,854.07",see codebook
  psid_1650  ,49.0,17.0,0.0,0.0,1.0,0.0,"$47,022.40","$48,338.71","$44,331.80",see codebook
  PSID_1651 ,49.0,17.0,0.0,0.0,1.0,0.0,"$47,022.40","$48,338.71","$44,331.80",see codebook
  psid_1652  ,53.0,12.0,0.0,0.0,1.0,0.0,"$47,649.37","$47,894.71","$50,242.70",see codebook
  psid_1653  ,33.0,13.0,0.0,0.0,1.0,0.0,"$48,981.67","$32,225.81",$0.00,see codebook
  PSID_1654 ,54.0,15.0,0.0,0.0,1.0,0.0,"$48,981.67","$35,806.45","$88,663.59",see codebook
  psid_1655  ,54.0,15.0,0.0,0.0,1.0,0.0,"$48,981.67","$35,806.45","$88,663.59",see codebook
  psid_1656  ,44.0,17.0,0.0,0.0,1.0,0.0,"$48,981.67","$42,967.74","$39,898.62",see codebook
  PSID_1657 ,37.0,17.0,0.0,0.0,1.0,0.0,"$48,981.67","$44,758.07","$44,331.80",see codebook
  psid_1658  ,55.0,16.0,0.0,0.0,1.0,0.0,"$48,981.67","$46,548.39","$47,878.34",see codebook
  psid_1659  ,55.0,16.0,0.0,0.0,1.0,0.0,"$48,981.67","$46,548.39","$47,878.34",see codebook
  PSID_1660 ,37.0,17.0,0.0,0.0,1.0,0.0,"$48,981.67","$46,548.39","$49,503.84",see codebook
  psid_1661  ,44.0,14.0,0.0,0.0,1.0,0.0,"$48,981.67","$48,338.71","$50,242.70",see codebook
  psid_1662  ,41.0,13.0,0.0,0.0,1.0,0.0,"$48,981.67","$48,338.71","$38,420.89",see codebook
  PSID_1663 ,39.0,17.0,0.0,0.0,1.0,0.0,"$48,981.67","$48,338.71","$51,720.43",see codebook
  psid_1664  ,48.0,16.0,0.0,0.0,1.0,0.0,"$48,981.67","$50,129.03","$48,764.98",see codebook
  psid_1665  ,39.0,17.0,0.0,0.0,1.0,0.0,"$48,981.67","$50,129.03","$44,331.80",see codebook
  PSID_1666 ,45.0,12.0,0.0,0.0,1.0,0.0,"$48,981.67","$50,487.10","$46,548.39",see codebook
  psid_1667  ,26.0,16.0,0.0,0.0,1.0,0.0,"$48,981.67","$53,709.68","$45,809.52",see codebook
  psid_1668  ,34.0,16.0,0.0,0.0,1.0,0.0,"$48,981.67","$62,661.29","$54,675.88",see codebook
  PSID_1669 ,47.0,16.0,0.0,0.0,1.0,0.0,"$48,981.67","$62,741.86","$65,019.97",see codebook
  psid_1670  ,55.0,16.0,0.0,0.0,1.0,0.0,"$48,981.67","$71,612.91","$35,110.78",see codebook
  psid_1671  ,37.0,16.0,0.0,0.0,1.0,0.0,"$49,961.30","$41,177.42","$39,898.62",see codebook
  PSID_1672 ,43.0,17.0,0.0,0.0,1.0,0.0,"$49,961.30","$48,338.71","$51,424.89",see codebook
  psid_1673  ,43.0,16.0,0.0,0.0,1.0,0.0,"$49,961.30","$50,129.03","$52,969.11",see codebook
  psid_1674  ,33.0,17.0,0.0,0.0,1.0,0.0,"$50,940.94","$39,387.10","$46,105.07",see codebook
  PSID_1675 ,29.0,17.0,1.0,0.0,1.0,0.0,"$50,940.94","$41,177.42","$39,603.07",see codebook
  psid_1676  ,36.0,14.0,0.0,0.0,1.0,0.0,"$50,940.94","$42,967.74","$44,331.80",see codebook
  psid_1677  ,37.0,17.0,0.0,0.0,1.0,0.0,"$50,940.94","$44,758.07","$50,242.70",see codebook
  PSID_1678 ,44.0,12.0,0.0,0.0,1.0,0.0,"$50,940.94","$44,758.07","$41,376.34",see codebook
  psid_1679  ,42.0,17.0,0.0,0.0,0.0,0.0,"$50,940.94","$50,129.03","$48,764.98",see codebook
  psid_1680  ,47.0,16.0,0.0,0.0,1.0,0.0,"$50,940.94","$53,709.68","$54,675.88",see codebook
  PSID_1681 ,38.0,13.0,0.0,0.0,1.0,0.0,"$50,940.94","$73,403.23","$25,121.35",see codebook
  psid_1682  ,28.0,16.0,0.0,0.0,1.0,0.0,"$51,920.57","$48,875.80","$56,153.61",see codebook
  psid_1683  ,44.0,17.0,0.0,0.0,1.0,0.0,"$51,920.57","$56,753.23","$53,198.16",see codebook
  PSID_1684 ,32.0,16.0,0.0,0.0,1.0,0.0,"$52,900.20","$48,338.71",$0.00,see codebook
  psid_1685  ,47.0,17.0,0.0,0.0,1.0,0.0,"$52,900.20","$49,233.87","$54,675.88",see codebook
  psid_1686  ,28.0,16.0,0.0,0.0,1.0,0.0,"$52,900.20","$59,080.64","$36,943.16",see codebook
  PSID_1687 ,45.0,15.0,0.0,0.0,1.0,0.0,"$53,879.84","$51,919.36","$45,809.52",see codebook
  psid_1688  ,52.0,16.0,0.0,0.0,1.0,0.0,"$53,879.84","$53,709.68","$63,837.79",see codebook
  psid_1689  ,32.0,12.0,0.0,0.0,1.0,0.0,"$54,859.47","$39,387.10","$40,878.35",see codebook
  PSID_1690 ,33.0,17.0,0.0,0.0,1.0,0.0,"$54,859.47","$46,548.39","$76,841.78",see codebook
  psid_1691  ,41.0,17.0,0.0,0.0,1.0,0.0,"$54,859.47","$52,993.55","$50,242.70",see codebook
  psid_1692  ,42.0,16.0,0.0,0.0,1.0,0.0,"$54,859.47","$53,709.68","$53,641.48",see codebook
  PSID_1693 ,48.0,16.0,0.0,0.0,1.0,0.0,"$54,859.47","$53,709.68","$73,886.33",see codebook
  psid_1694  ,48.0,16.0,0.0,0.0,1.0,0.0,"$54,859.47","$53,709.68","$73,886.33",see codebook
  psid_1695  ,46.0,12.0,0.0,0.0,1.0,0.0,"$56,818.74","$48,338.71","$73,886.33",see codebook
  PSID_1696 ,48.0,14.0,0.0,0.0,1.0,0.0,"$56,818.74","$57,290.32","$57,631.34",see codebook
  psid_1697  ,47.0,14.0,0.0,0.0,1.0,0.0,"$58,778.00","$26,854.84","$32,509.98",see codebook
  psid_1698  ,36.0,17.0,0.0,0.0,1.0,0.0,"$58,778.00","$46,548.39","$56,153.61",see codebook
  PSID_1699 ,38.0,16.0,0.0,0.0,1.0,0.0,"$58,778.00","$50,129.03","$38,420.89",see codebook
  psid_1700  ,48.0,17.0,1.0,0.0,1.0,0.0,"$58,778.00","$51,842.37","$59,109.06",see codebook
  psid_1701  ,44.0,17.0,0.0,0.0,1.0,0.0,"$58,778.00","$53,709.68","$53,198.16",see codebook
  PSID_1702 ,38.0,16.0,0.0,0.0,1.0,0.0,"$58,778.00","$53,709.68","$41,376.34",see codebook
  psid_1703  ,39.0,14.0,0.0,0.0,1.0,0.0,"$58,778.00","$57,290.32","$74,625.20",see codebook
  psid_1704  ,41.0,17.0,0.0,0.0,1.0,0.0,"$59,385.38","$59,438.71","$82,752.69",see codebook
  PSID_1705 ,47.0,16.0,0.0,0.0,1.0,0.0,"$60,737.27","$60,870.97","$78,319.51",see codebook
  psid_1706  ,47.0,16.0,0.0,0.0,1.0,0.0,"$60,737.27","$60,870.97","$78,319.51",see codebook
  psid_1707  ,46.0,16.0,0.0,0.0,1.0,0.0,"$62,696.54","$57,290.32","$63,542.24",see codebook
  PSID_1708 ,30.0,13.0,0.0,0.0,1.0,0.0,"$62,696.54","$75,193.55","$70,930.88",see codebook
  psid_1709  ,52.0,17.0,0.0,0.0,1.0,0.0,"$63,676.17","$60,870.97","$59,109.06",see codebook
  psid_1710  ,40.0,16.0,0.0,0.0,1.0,0.0,"$66,615.07","$57,290.32","$66,497.70",see codebook
  PSID_1711 ,51.0,12.0,0.0,0.0,0.0,0.0,"$67,594.70","$62,661.29","$71,669.74",see codebook
  psid_1712  ,47.0,17.0,0.0,0.0,1.0,0.0,"$68,574.34","$38,670.97",$0.00,see codebook
  psid_1713  ,53.0,16.0,0.0,0.0,1.0,0.0,"$68,574.34","$39,387.10","$67,236.56",see codebook
  PSID_1714 ,48.0,16.0,0.0,0.0,1.0,0.0,"$68,574.34","$59,080.64","$62,064.52",see codebook
  psid_1715  ,28.0,15.0,0.0,0.0,1.0,0.0,"$68,574.34","$62,661.29","$66,497.70",see codebook
  psid_1716  ,42.0,17.0,0.0,0.0,1.0,0.0,"$68,574.34","$64,451.61","$62,064.52",see codebook
  PSID_1717 ,47.0,16.0,0.0,0.0,1.0,0.0,"$68,574.34","$71,612.91","$73,886.33",see codebook
  psid_1718  ,50.0,14.0,0.0,0.0,1.0,0.0,"$70,533.60","$29,540.32","$51,720.43",see codebook
  psid_1719  ,49.0,12.0,0.0,0.0,1.0,0.0,"$72,492.88","$71,433.87",$0.00,see codebook
  PSID_1720 ,48.0,15.0,0.0,0.0,1.0,0.0,"$73,472.51","$71,612.91","$85,708.14",see codebook
  psid_1721  ,51.0,17.0,0.0,0.0,1.0,0.0,"$74,452.14",$0.00,$0.00,see codebook
  psid_1722  ,32.0,17.0,0.0,0.0,1.0,0.0,"$76,411.41","$64,451.61","$99,007.68",see codebook
  PSID_1723 ,47.0,16.0,0.0,0.0,1.0,0.0,"$78,370.67","$78,774.20","$97,677.73",see codebook
  psid_1724  ,37.0,17.0,0.0,0.0,1.0,0.0,"$82,289.20","$85,040.32","$110,829.49",see codebook
  psid_1725  ,55.0,17.0,0.0,0.0,1.0,0.0,"$88,167.01","$98,467.74","$88,663.59",see codebook
  PSID_1726 ,49.0,16.0,0.0,0.0,1.0,0.0,"$94,044.80","$98,467.74","$73,886.33",see codebook
  psid_1727  ,50.0,16.0,0.0,0.0,1.0,0.0,"$97,963.34","$34,016.13","$33,987.71",see codebook
  psid_1728  ,28.0,16.0,0.0,0.0,1.0,0.0,"$97,963.34","$89,516.13","$70,930.88",see codebook
  PSID_1729 ,42.0,16.0,0.0,0.0,1.0,0.0,"$103,841.14","$93,096.77","$100,485.41",see codebook
  psid_1730  ,45.0,12.0,0.0,0.0,1.0,0.0,"$137,148.69","$156,653.23","$88,663.59",see codebook
  psid_1731  ,54.0,3.0,1.0,0.0,0.0,1.0,$0.00,$0.00,$221.66,see codebook
  PSID_1732 ,54.0,3.0,1.0,0.0,1.0,1.0,$0.00,$0.00,$0.00,see codebook
  psid_1733  ,54.0,3.0,1.0,0.0,1.0,1.0,$0.00,$0.00,$0.00,see codebook
  psid_1734  ,54.0,3.0,1.0,0.0,1.0,1.0,$0.00,$0.00,$0.00,see codebook
  PSID_1735 ,53.0,4.0,1.0,0.0,0.0,1.0,$0.00,$0.00,$0.00,see codebook
  psid_1736  ,51.0,4.0,1.0,0.0,1.0,1.0,$0.00,$0.00,$0.00,see codebook
  psid_1737  ,51.0,5.0,1.0,0.0,0.0,1.0,$0.00,$0.00,$0.00,see codebook
  PSID_1738 ,46.0,6.0,1.0,0.0,1.0,1.0,$0.00,$0.00,$0.00,see codebook
  psid_1739  ,53.0,6.0,0.0,0.0,1.0,1.0,$0.00,$0.00,$0.00,see codebook
  psid_1740  ,41.0,6.0,1.0,0.0,1.0,1.0,$0.00,$0.00,$0.00,see codebook
  PSID_1741 ,45.0,7.0,1.0,0.0,1.0,1.0,$0.00,$0.00,"$11,821.81",see codebook
  psid_1742  ,53.0,7.0,0.0,1.0,0.0,1.0,$0.00,$0.00,$0.00,see codebook
  psid_1743  ,47.0,8.0,0.0,0.0,0.0,1.0,$0.00,$0.00,$0.00,see codebook
  PSID_1744 ,55.0,8.0,1.0,0.0,1.0,1.0,$0.00,$0.00,$0.00,see codebook
  psid_1745  ,55.0,8.0,0.0,0.0,1.0,1.0,$0.00,$0.00,$0.00,see codebook
  psid_1746  ,53.0,8.0,1.0,0.0,1.0,1.0,$0.00,$0.00,$0.00,see codebook
  PSID_1747 ,41.0,8.0,0.0,0.0,1.0,1.0,$0.00,$0.00,$0.00,see codebook
  psid_1748  ,45.0,8.0,0.0,0.0,1.0,1.0,$0.00,$0.00,$0.00,see codebook
  psid_1749  ,45.0,9.0,1.0,0.0,1.0,1.0,$0.00,$0.00,$0.00,see codebook
  PSID_1750 ,46.0,9.0,0.0,1.0,1.0,1.0,$0.00,$0.00,$0.00,see codebook
  psid_1751  ,48.0,9.0,0.0,0.0,1.0,1.0,$0.00,$0.00,$0.00,see codebook
  psid_1752  ,46.0,9.0,0.0,1.0,1.0,1.0,$0.00,$0.00,$0.00,see codebook
  PSID_1753 ,45.0,9.0,1.0,0.0,1.0,1.0,$0.00,$0.00,$0.00,see codebook
  psid_1754  ,54.0,9.0,0.0,0.0,1.0,1.0,$0.00,$0.00,$0.00,see codebook
  psid_1755  ,23.0,9.0,1.0,0.0,0.0,1.0,$0.00,$0.00,$218.70,see codebook
  PSID_1756 ,40.0,10.0,0.0,1.0,1.0,1.0,$0.00,$0.00,$0.00,see codebook
  psid_1757  ,54.0,10.0,1.0,0.0,1.0,1.0,$0.00,$0.00,$0.00,see codebook
  psid_1758  ,54.0,10.0,1.0,0.0,1.0,1.0,$0.00,$0.00,$0.00,see codebook
  PSID_1759 ,25.0,11.0,1.0,0.0,0.0,1.0,$0.00,$0.00,"$3,694.32",see codebook
  psid_1760  ,41.0,11.0,0.0,0.0,1.0,1.0,$0.00,$0.00,"$14,481.72",see codebook
  psid_1761  ,23.0,11.0,1.0,0.0,0.0,1.0,$0.00,$0.00,$0.00,see codebook
  PSID_1762 ,23.0,11.0,1.0,0.0,0.0,1.0,$0.00,$0.00,$0.00,see codebook
  psid_1763  ,52.0,8.0,0.0,0.0,1.0,1.0,$0.00,$0.00,$0.00,see codebook
  psid_1764  ,45.0,9.0,0.0,0.0,1.0,1.0,$0.00,$0.00,$0.00,see codebook
  PSID_1765 ,40.0,8.0,0.0,0.0,1.0,1.0,$0.00,$0.00,$0.00,see codebook
  psid_1766  ,37.0,10.0,0.0,0.0,1.0,1.0,$0.00,$0.00,$0.00,see codebook
  psid_1767  ,48.0,11.0,0.0,0.0,1.0,1.0,$0.00,$0.00,"$11,821.81",see codebook
  PSID_1768 ,36.0,9.0,0.0,0.0,1.0,1.0,$0.00,$0.00,$0.00,see codebook
  psid_1769  ,40.0,7.0,0.0,0.0,1.0,1.0,$0.00,$0.00,"$8,866.36",see codebook
  psid_1770  ,40.0,7.0,0.0,0.0,1.0,1.0,$0.00,$0.00,"$8,866.36",see codebook
  PSID_1771 ,38.0,11.0,0.0,0.0,1.0,1.0,$0.00,$0.00,$0.00,see codebook
  psid_1772  ,53.0,7.0,0.0,0.0,1.0,1.0,$0.00,$0.00,$0.00,see codebook
  psid_1773  ,52.0,10.0,1.0,0.0,1.0,1.0,$0.00,$0.00,$0.00,see codebook
  PSID_1774 ,52.0,7.0,0.0,0.0,1.0,1.0,$0.00,$0.00,$0.00,see codebook
  psid_1775  ,43.0,9.0,1.0,0.0,1.0,1.0,$0.00,$0.00,$0.00,see codebook
  psid_1776  ,54.0,4.0,1.0,0.0,1.0,1.0,$0.00,$0.00,$0.00,see codebook
  PSID_1777 ,46.0,6.0,0.0,0.0,1.0,1.0,$0.00,$0.00,$0.00,see codebook
  psid_1778  ,40.0,8.0,0.0,0.0,1.0,1.0,$0.00,$0.00,$0.00,see codebook
  psid_1779  ,53.0,8.0,0.0,0.0,1.0,1.0,$0.00,$0.00,$0.00,see codebook
  PSID_1780 ,50.0,11.0,0.0,0.0,1.0,1.0,$0.00,$0.00,"$10,344.09",see codebook
  psid_1781  ,33.0,11.0,0.0,0.0,1.0,1.0,$0.00,$0.00,$0.00,see codebook
  psid_1782  ,33.0,11.0,0.0,0.0,1.0,1.0,$0.00,$0.00,$0.00,see codebook
  PSID_1783 ,52.0,8.0,0.0,0.0,1.0,1.0,$0.00,$0.00,$0.00,see codebook
  psid_1784  ,49.0,4.0,1.0,0.0,1.0,1.0,$0.00,$0.00,$0.00,see codebook
  psid_1785  ,50.0,8.0,0.0,0.0,1.0,1.0,$0.00,$0.00,$0.00,see codebook
  PSID_1786 ,41.0,8.0,0.0,0.0,1.0,1.0,$0.00,$0.00,"$7,093.09",see codebook
  psid_1787  ,53.0,9.0,0.0,0.0,1.0,1.0,$0.00,$0.00,$0.00,see codebook
  psid_1788  ,48.0,11.0,0.0,0.0,0.0,1.0,$0.00,$0.00,$0.00,see codebook
  PSID_1789 ,31.0,9.0,0.0,0.0,1.0,1.0,$0.00,$0.00,$0.00,see codebook
  psid_1790  ,42.0,8.0,0.0,0.0,1.0,1.0,$0.00,$0.00,$0.00,see codebook
  psid_1791  ,54.0,10.0,0.0,0.0,1.0,1.0,$0.00,$0.00,$0.00,see codebook
  PSID_1792 ,50.0,10.0,0.0,0.0,1.0,1.0,$0.00,$0.00,$0.00,see codebook
  psid_1793  ,48.0,6.0,0.0,1.0,1.0,1.0,$0.00,$0.00,$0.00,see codebook
  psid_1794  ,22.0,9.0,0.0,0.0,1.0,1.0,$0.00,$0.00,"$16,846.08",see codebook
  PSID_1795 ,41.0,8.0,0.0,0.0,1.0,1.0,$0.00,$0.00,$0.00,see codebook
  psid_1796  ,41.0,8.0,0.0,0.0,1.0,1.0,$0.00,$0.00,$0.00,see codebook
  psid_1797  ,45.0,9.0,0.0,0.0,1.0,1.0,$0.00,$313.31,"$4,063.75",see codebook
  PSID_1798 ,21.0,8.0,1.0,0.0,0.0,1.0,$0.00,$895.16,"$2,305.25",see codebook
  psid_1799  ,46.0,8.0,0.0,0.0,1.0,1.0,$0.00,"$8,951.61",$0.00,see codebook
  psid_1800  ,46.0,8.0,0.0,0.0,1.0,1.0,$0.00,"$8,951.61",$0.00,see codebook
  PSID_1801 ,21.0,11.0,1.0,0.0,0.0,1.0,$0.00,"$9,846.77","$5,615.36",see codebook
  psid_1802  ,53.0,8.0,0.0,0.0,1.0,1.0,$0.00,"$14,322.58",$0.00,see codebook
  psid_1803  ,53.0,6.0,0.0,0.0,1.0,1.0,$0.00,"$17,187.10","$45,809.52",see codebook
  PSID_1804 ,34.0,11.0,0.0,0.0,1.0,1.0,$0.00,"$19,693.55","$14,777.27",see codebook
  psid_1805  ,49.0,9.0,0.0,0.0,1.0,1.0,$0.00,"$21,483.87","$69,453.15",see codebook
  psid_1806  ,28.0,11.0,0.0,0.0,1.0,1.0,$0.00,"$62,661.29","$118,218.13",see codebook
  PSID_1807 ,43.0,3.0,1.0,0.0,1.0,1.0,$17.63,$0.00,$0.00,see codebook
  psid_1808  ,52.0,6.0,1.0,0.0,1.0,1.0,$235.11,"$1,246.06","$1,477.73",see codebook
  psid_1809  ,54.0,8.0,0.0,0.0,1.0,1.0,$293.89,$537.10,$295.55,see codebook
  PSID_1810 ,52.0,7.0,1.0,0.0,0.0,1.0,$293.89,"$5,012.90",$0.00,see codebook
  psid_1811  ,29.0,11.0,1.0,0.0,1.0,1.0,$783.71,$0.00,"$23,643.62",see codebook
  psid_1812  ,37.0,9.0,0.0,0.0,0.0,1.0,$940.45,"$3,544.84","$1,152.63",see codebook
  PSID_1813 ,38.0,2.0,0.0,0.0,0.0,1.0,"$1,077.60","$6,266.13","$2,955.45",see codebook
  psid_1814  ,20.0,10.0,0.0,0.0,0.0,1.0,"$1,381.28","$3,523.35","$9,309.68",see codebook
  psid_1815  ,31.0,6.0,1.0,0.0,0.0,1.0,"$1,410.67",$555.00,"$16,059.93",see codebook
  PSID_1816 ,23.0,10.0,1.0,0.0,0.0,1.0,"$1,469.45","$5,370.97",$0.00,see codebook
  psid_1817  ,19.0,11.0,1.0,0.0,0.0,1.0,"$1,567.41",$0.00,$0.00,see codebook
  psid_1818  ,20.0,11.0,0.0,0.0,1.0,1.0,"$1,567.41","$3,222.58","$2,955.45",see codebook
  PSID_1819 ,35.0,9.0,1.0,0.0,0.0,1.0,"$1,567.41","$5,370.97","$5,910.91",see codebook
  psid_1820  ,21.0,10.0,1.0,0.0,0.0,1.0,"$1,567.41","$8,145.97","$8,275.27",see codebook
  psid_1821  ,41.0,8.0,1.0,0.0,1.0,1.0,"$1,716.32","$8,378.71","$7,388.63",see codebook
  PSID_1822 ,41.0,8.0,1.0,0.0,1.0,1.0,"$1,716.32","$8,378.71","$7,388.63",see codebook
  psid_1823  ,42.0,8.0,0.0,0.0,1.0,1.0,"$1,763.34",$0.00,"$8,866.36",see codebook
  psid_1824  ,42.0,8.0,0.0,0.0,1.0,1.0,"$1,763.34",$0.00,"$8,866.36",see codebook
  PSID_1825 ,20.0,8.0,1.0,0.0,0.0,1.0,"$1,880.90","$3,652.26","$1,018.15",see codebook
  psid_1826  ,30.0,9.0,1.0,0.0,0.0,1.0,"$1,959.27",$162.92,"$16,809.14",see codebook
  psid_1827  ,29.0,10.0,1.0,0.0,0.0,1.0,"$2,037.64","$2,685.48",$0.00,see codebook
  PSID_1828 ,22.0,11.0,1.0,0.0,0.0,1.0,"$2,351.12",$0.00,$879.25,see codebook
  psid_1829  ,25.0,10.0,1.0,0.0,0.0,1.0,"$2,838.98","$5,370.97","$11,437.60",see codebook
  psid_1830  ,20.0,8.0,1.0,0.0,0.0,1.0,"$2,938.90","$1,838.66","$1,226.51",see codebook
  PSID_1831 ,55.0,7.0,0.0,0.0,0.0,1.0,"$2,938.90","$8,342.90",$0.00,see codebook
  psid_1832  ,20.0,10.0,0.0,0.0,0.0,1.0,"$2,938.90","$8,951.61","$10,344.09",see codebook
  psid_1833  ,40.0,4.0,1.0,0.0,0.0,1.0,"$2,962.41","$1,933.55","$1,034.41",see codebook
  PSID_1834 ,52.0,0.0,0.0,0.0,1.0,1.0,"$3,134.83",$0.00,$295.55,see codebook
  psid_1835  ,22.0,9.0,1.0,0.0,0.0,1.0,"$3,134.83","$4,345.11","$13,299.54",see codebook
  psid_1836  ,24.0,10.0,1.0,0.0,0.0,1.0,"$3,152.46","$3,902.90","$7,447.74",see codebook
  PSID_1837 ,19.0,11.0,0.0,0.0,0.0,1.0,"$3,221.03","$12,532.26","$14,777.27",see codebook
  psid_1838  ,51.0,7.0,0.0,0.0,1.0,1.0,"$3,291.57","$8,951.61",$0.00,see codebook
  psid_1839  ,19.0,6.0,1.0,0.0,0.0,1.0,"$3,526.68",$0.00,$0.00,see codebook
  PSID_1840 ,50.0,10.0,1.0,0.0,1.0,1.0,"$3,526.68",$0.00,$0.00,see codebook
  psid_1841  ,23.0,11.0,0.0,1.0,0.0,1.0,"$3,526.68","$2,685.48","$8,127.50",see codebook
  psid_1842  ,38.0,3.0,1.0,0.0,1.0,1.0,"$3,722.61","$5,729.03","$17,732.72",see codebook
  PSID_1843 ,38.0,3.0,1.0,0.0,1.0,1.0,"$3,722.61","$5,729.03","$17,732.72",see codebook
  psid_1844  ,20.0,11.0,0.0,0.0,0.0,1.0,"$3,844.08","$9,846.77","$13,299.54",see codebook
  psid_1845  ,43.0,10.0,1.0,0.0,1.0,1.0,"$3,918.53","$2,148.39",$0.00,see codebook
  PSID_1846 ,30.0,6.0,1.0,0.0,1.0,1.0,"$3,918.53","$3,401.61","$4,433.18",see codebook
  psid_1847  ,35.0,10.0,1.0,0.0,1.0,1.0,"$3,918.53","$3,795.48","$7,802.40",see codebook
  psid_1848  ,35.0,10.0,1.0,0.0,1.0,1.0,"$3,918.53","$3,795.48","$7,802.40",see codebook
  PSID_1849 ,35.0,10.0,1.0,0.0,1.0,1.0,"$3,918.53","$3,795.48","$7,802.40",see codebook
  psid_1850  ,40.0,10.0,0.0,0.0,1.0,1.0,"$3,918.53","$4,833.87","$7,248.25",see codebook
  psid_1851  ,44.0,11.0,1.0,0.0,1.0,1.0,"$3,918.53","$5,370.97","$2,955.45",see codebook
  PSID_1852 ,23.0,10.0,1.0,0.0,0.0,1.0,"$3,918.53","$7,161.29","$6,649.77",see codebook
  psid_1853  ,41.0,8.0,1.0,0.0,1.0,1.0,"$3,918.53","$11,171.61","$5,910.91",see codebook
  psid_1854  ,39.0,5.0,1.0,0.0,1.0,1.0,"$4,051.76","$13,427.42","$14,629.49",see codebook
  PSID_1855 ,39.0,5.0,1.0,0.0,1.0,1.0,"$4,051.76","$13,427.42","$14,629.49",see codebook
  psid_1856  ,39.0,5.0,1.0,0.0,1.0,1.0,"$4,051.76","$13,427.42","$14,629.49",see codebook
  psid_1857  ,25.0,11.0,1.0,0.0,0.0,1.0,"$4,055.68","$11,637.10",$0.00,see codebook
  PSID_1858 ,19.0,11.0,0.0,0.0,0.0,1.0,"$4,114.46","$4,654.84","$8,570.81",see codebook
  psid_1859  ,23.0,6.0,0.0,0.0,1.0,1.0,"$4,114.46","$7,161.29","$8,127.50",see codebook
  psid_1860  ,38.0,9.0,1.0,0.0,1.0,1.0,"$4,228.10","$7,941.87","$11,245.50",see codebook
  PSID_1861 ,50.0,9.0,1.0,0.0,1.0,1.0,"$4,333.90","$7,469.23","$6,383.78",see codebook
  psid_1862  ,18.0,11.0,0.0,0.0,0.0,1.0,"$4,351.53","$32,270.56","$2,364.36",see codebook
  psid_1863  ,22.0,11.0,1.0,0.0,1.0,1.0,"$4,449.50","$6,187.35","$14,570.38",see codebook
  PSID_1864 ,19.0,10.0,1.0,0.0,0.0,1.0,"$4,702.24","$3,437.42","$2,364.36",see codebook
  psid_1865  ,25.0,10.0,1.0,0.0,1.0,1.0,"$4,702.24","$4,282.45","$4,947.43",see codebook
  psid_1866  ,47.0,6.0,1.0,0.0,1.0,1.0,"$4,702.24","$4,296.77","$13,481.30",see codebook
  PSID_1867 ,47.0,4.0,0.0,0.0,1.0,1.0,"$4,702.24","$8,593.55","$24,641.09",see codebook
  psid_1868  ,51.0,7.0,0.0,0.0,1.0,1.0,"$4,702.24","$8,951.61","$11,082.95",see codebook
  psid_1869  ,19.0,9.0,0.0,0.0,1.0,1.0,"$4,858.98","$6,087.10","$10,639.63",see codebook
  PSID_1870 ,24.0,8.0,1.0,0.0,1.0,1.0,"$4,898.17","$5,370.97","$8,127.50",see codebook
  psid_1871  ,19.0,10.0,0.0,0.0,0.0,1.0,"$5,094.09","$4,296.77","$14,777.27",see codebook
  psid_1872  ,44.0,11.0,1.0,0.0,0.0,1.0,"$5,172.46","$6,266.13",$0.00,see codebook
  PSID_1873 ,52.0,8.0,0.0,0.0,1.0,1.0,"$5,290.02",$0.00,"$6,797.54",see codebook
  psid_1874  ,20.0,9.0,0.0,0.0,1.0,1.0,"$5,387.98","$8,951.61","$13,299.54",see codebook
  psid_1875  ,24.0,11.0,1.0,0.0,1.0,1.0,"$5,427.17",$0.00,"$1,329.95",see codebook
  PSID_1876 ,19.0,11.0,1.0,0.0,1.0,1.0,"$5,485.95","$7,590.97","$11,348.94",see codebook
  psid_1877  ,22.0,11.0,1.0,0.0,0.0,1.0,"$5,485.95","$13,427.42","$8,866.36",see codebook
  psid_1878  ,30.0,6.0,1.0,0.0,1.0,1.0,"$5,681.87",$0.00,$0.00,see codebook
  PSID_1879 ,50.0,10.0,1.0,0.0,1.0,1.0,"$5,681.87",$0.00,$0.00,see codebook
  psid_1880  ,20.0,8.0,0.0,0.0,0.0,1.0,"$5,681.87","$3,584.23","$7,240.86",see codebook
  psid_1881  ,26.0,8.0,1.0,0.0,1.0,1.0,"$5,681.87","$4,296.77","$7,093.09",see codebook
  PSID_1882 ,46.0,6.0,1.0,0.0,0.0,1.0,"$5,838.62","$9,678.48","$7,873.33",see codebook
  psid_1883  ,38.0,10.0,1.0,0.0,1.0,1.0,"$5,877.80",$0.00,$0.00,see codebook
  psid_1884  ,25.0,8.0,0.0,0.0,1.0,1.0,"$5,877.80",$0.00,"$8,866.36",see codebook
  PSID_1885 ,24.0,9.0,1.0,0.0,0.0,1.0,"$5,877.80","$5,370.97","$13,299.54",see codebook
  psid_1886  ,55.0,3.0,1.0,0.0,1.0,1.0,"$5,877.80","$5,370.97","$4,137.63",see codebook
  psid_1887  ,40.0,5.0,1.0,0.0,1.0,1.0,"$5,877.80","$5,370.97","$22,165.90",see codebook
  PSID_1888 ,25.0,9.0,1.0,0.0,1.0,1.0,"$5,877.80","$6,266.13","$12,560.68",see codebook
  psid_1889  ,43.0,7.0,1.0,0.0,1.0,1.0,"$5,877.80","$6,815.76",$295.55,see codebook
  psid_1890  ,18.0,11.0,1.0,0.0,0.0,1.0,"$5,877.80","$6,932.13","$9,457.45",see codebook
  PSID_1891 ,28.0,7.0,1.0,0.0,1.0,1.0,"$5,877.80","$8,142.39","$1,477.73",see codebook
  psid_1892  ,52.0,4.0,1.0,0.0,1.0,1.0,"$5,877.80","$11,637.10","$22,165.90",see codebook
  psid_1893  ,22.0,8.0,1.0,0.0,1.0,1.0,"$5,877.80","$12,030.97",$857.08,see codebook
  PSID_1894 ,34.0,7.0,1.0,0.0,1.0,1.0,"$5,877.80","$12,532.26","$14,777.27",see codebook
  psid_1895  ,25.0,9.0,0.0,0.0,0.0,1.0,"$5,877.80","$13,427.42","$12,117.36",see codebook
  psid_1896  ,43.0,10.0,0.0,0.0,1.0,1.0,"$5,877.80","$17,903.23","$20,688.17",see codebook
  PSID_1897 ,31.0,9.0,1.0,0.0,1.0,1.0,"$6,024.75","$5,621.61","$10,196.31",see codebook
  psid_1898  ,27.0,8.0,1.0,0.0,0.0,1.0,"$6,269.65","$6,624.19","$7,388.63",see codebook
  psid_1899  ,22.0,11.0,0.0,0.0,1.0,1.0,"$6,442.07","$5,818.55","$2,216.59",see codebook
  PSID_1900 ,32.0,11.0,1.0,0.0,1.0,1.0,"$6,524.36",$0.00,$930.97,see codebook
  psid_1901  ,49.0,5.0,1.0,0.0,0.0,1.0,"$6,583.14","$5,729.03","$12,560.68",see codebook
  psid_1902  ,55.0,8.0,0.0,0.0,1.0,1.0,"$6,661.51","$3,820.55","$4,255.85",see codebook
  PSID_1903 ,20.0,11.0,0.0,0.0,1.0,1.0,"$6,661.51","$5,370.97","$1,182.18",see codebook
  psid_1904  ,33.0,8.0,1.0,0.0,1.0,1.0,"$6,661.51","$8,579.23","$9,169.29",see codebook
  psid_1905  ,22.0,11.0,0.0,0.0,1.0,1.0,"$6,802.57","$1,790.32","$7,388.63",see codebook
  PSID_1906 ,26.0,8.0,1.0,0.0,1.0,1.0,"$6,857.43","$3,580.65","$1,994.93",see codebook
  psid_1907  ,20.0,10.0,1.0,0.0,1.0,1.0,"$6,857.43","$6,831.87","$9,457.45",see codebook
  psid_1908  ,45.0,2.0,0.0,1.0,1.0,1.0,"$6,857.43","$7,161.29","$4,433.18",see codebook
  PSID_1909 ,45.0,8.0,1.0,0.0,1.0,1.0,"$6,857.43","$9,537.05","$9,408.69",see codebook
  psid_1910  ,33.0,11.0,1.0,0.0,1.0,1.0,"$6,857.43","$11,637.10",$0.00,see codebook
  psid_1911  ,41.0,3.0,1.0,0.0,1.0,1.0,"$6,990.66","$3,222.58","$9,497.35",see codebook
  PSID_1912 ,25.0,7.0,1.0,0.0,1.0,1.0,"$7,131.73","$10,741.93","$8,866.36",see codebook
  psid_1913  ,35.0,11.0,1.0,0.0,1.0,1.0,"$7,335.50","$8,557.74","$7,388.63",see codebook
  psid_1914  ,35.0,11.0,1.0,0.0,1.0,1.0,"$7,335.50","$8,557.74","$7,388.63",see codebook
  PSID_1915 ,29.0,10.0,0.0,0.0,1.0,1.0,"$7,347.25",$0.00,$0.00,see codebook
  psid_1916  ,41.0,4.0,1.0,0.0,0.0,1.0,"$7,494.20","$5,370.97","$5,910.91",see codebook
  psid_1917  ,36.0,6.0,1.0,0.0,0.0,1.0,"$7,494.20","$7,447.74","$4,433.18",see codebook
  PSID_1918 ,52.0,5.0,1.0,0.0,1.0,1.0,"$7,523.58","$4,296.77","$2,216.59",see codebook
  psid_1919  ,52.0,5.0,1.0,0.0,1.0,1.0,"$7,523.58","$4,296.77","$2,216.59",see codebook
  psid_1920  ,41.0,10.0,0.0,1.0,1.0,1.0,"$7,562.77","$9,134.23","$11,821.81",see codebook
  PSID_1921 ,29.0,10.0,1.0,0.0,1.0,1.0,"$7,641.14","$8,122.69","$5,910.91",see codebook
  psid_1922  ,42.0,10.0,1.0,0.0,0.0,1.0,"$7,837.07","$1,718.71",$0.00,see codebook
  psid_1923  ,22.0,11.0,1.0,0.0,1.0,1.0,"$7,837.07","$5,012.90","$3,694.32",see codebook
  PSID_1924 ,27.0,11.0,1.0,0.0,1.0,1.0,"$7,837.07","$5,370.97","$7,388.63",see codebook
  psid_1925  ,42.0,5.0,1.0,0.0,1.0,1.0,"$7,837.07","$7,161.29","$14,777.27",see codebook
  psid_1926  ,42.0,5.0,1.0,0.0,1.0,1.0,"$7,837.07","$7,161.29","$14,777.27",see codebook
  PSID_1927 ,49.0,5.0,0.0,0.0,1.0,1.0,"$7,837.07","$8,056.45","$11,821.81",see codebook
  psid_1928  ,28.0,9.0,1.0,0.0,1.0,1.0,"$7,837.07","$8,235.48","$8,718.59",see codebook
  psid_1929  ,45.0,9.0,1.0,0.0,1.0,1.0,"$7,837.07","$8,951.61","$8,866.36",see codebook
  PSID_1930 ,45.0,6.0,1.0,0.0,1.0,1.0,"$7,837.07","$8,951.61","$9,605.22",see codebook
  psid_1931  ,39.0,8.0,0.0,0.0,1.0,1.0,"$7,837.07","$9,846.77",$0.00,see codebook
  psid_1932  ,34.0,9.0,1.0,0.0,1.0,1.0,"$7,837.07","$11,211.00","$12,037.56",see codebook
  PSID_1933 ,22.0,11.0,0.0,0.0,1.0,1.0,"$7,837.07","$13,964.52","$15,072.81",see codebook
  psid_1934  ,32.0,10.0,0.0,0.0,1.0,1.0,"$7,837.07","$16,112.90","$11,082.95",see codebook
  psid_1935  ,49.0,5.0,1.0,0.0,1.0,1.0,"$7,944.83","$7,698.39","$11,993.23",see codebook
  PSID_1936 ,27.0,7.0,1.0,0.0,1.0,1.0,"$7,954.62","$7,161.29","$5,910.91",see codebook
  psid_1937  ,21.0,11.0,1.0,0.0,1.0,1.0,"$8,032.99","$4,848.19","$8,570.81",see codebook
  psid_1938  ,40.0,11.0,0.0,0.0,1.0,1.0,"$8,072.18",$0.00,"$1,477.73",see codebook
  PSID_1939 ,26.0,8.0,0.0,0.0,1.0,1.0,"$8,150.55","$7,447.74","$9,900.77",see codebook
  psid_1940  ,33.0,10.0,0.0,0.0,1.0,1.0,"$8,272.02","$2,619.24",$0.00,see codebook
  psid_1941  ,54.0,6.0,1.0,0.0,1.0,1.0,"$8,354.31",$0.00,$0.00,see codebook
  PSID_1942 ,40.0,9.0,1.0,0.0,1.0,1.0,"$8,424.85","$6,572.27","$8,866.36",see codebook
  psid_1943  ,27.0,8.0,0.0,0.0,1.0,1.0,"$8,424.85","$7,698.39","$15,072.81",see codebook
  psid_1944  ,41.0,5.0,1.0,0.0,1.0,1.0,"$8,424.85","$10,741.93","$8,689.03",see codebook
  PSID_1945 ,29.0,10.0,1.0,0.0,1.0,1.0,"$8,464.03","$8,325.00","$23,643.62",see codebook
  psid_1946  ,29.0,10.0,1.0,0.0,1.0,1.0,"$8,659.96","$10,892.32",$51.72,see codebook
  psid_1947  ,26.0,10.0,1.0,0.0,1.0,1.0,"$8,816.70",$0.00,"$7,388.63",see codebook
  PSID_1948 ,25.0,10.0,0.0,1.0,1.0,1.0,"$8,816.70","$8,056.45","$13,299.54",see codebook
  psid_1949  ,40.0,8.0,1.0,0.0,1.0,1.0,"$8,816.70","$8,056.45","$7,184.71",see codebook
  psid_1950  ,40.0,7.0,1.0,0.0,1.0,1.0,"$8,816.70","$8,951.61","$11,821.81",see codebook
  PSID_1951 ,49.0,7.0,1.0,0.0,0.0,1.0,"$8,816.70","$11,270.08","$8,969.80",see codebook
  psid_1952  ,46.0,9.0,0.0,0.0,1.0,1.0,"$8,816.70","$14,322.58","$13,299.54",see codebook
  psid_1953  ,50.0,8.0,1.0,0.0,1.0,1.0,"$8,985.20","$9,846.77","$9,102.80",see codebook
  PSID_1954 ,24.0,8.0,1.0,0.0,1.0,1.0,"$9,008.71","$13,033.55","$16,254.99",see codebook
  psid_1955  ,23.0,9.0,0.0,0.0,1.0,1.0,"$9,012.63",$0.00,"$14,777.27",see codebook
  psid_1956  ,24.0,10.0,1.0,0.0,1.0,1.0,"$9,012.63","$6,624.19","$8,955.02",see codebook
  PSID_1957 ,20.0,10.0,0.0,1.0,1.0,1.0,"$9,208.55","$8,951.61","$16,254.99",see codebook
  psid_1958  ,30.0,11.0,1.0,0.0,1.0,1.0,"$9,228.15","$8,808.39","$17,881.97",see codebook
  psid_1959  ,47.0,4.0,0.0,0.0,1.0,1.0,"$9,355.50","$20,884.11","$20,512.32",see codebook
  PSID_1960 ,26.0,10.0,1.0,0.0,1.0,1.0,"$9,404.48","$4,923.39","$17,732.72",see codebook
  psid_1961  ,50.0,5.0,1.0,0.0,1.0,1.0,"$9,404.48","$10,136.81","$9,266.82",see codebook
  psid_1962  ,49.0,11.0,0.0,0.0,1.0,1.0,"$9,404.48","$11,637.10","$9,457.45",see codebook
  PSID_1963 ,27.0,10.0,0.0,0.0,1.0,1.0,"$9,404.48","$11,812.55","$11,821.81",see codebook
  psid_1964  ,28.0,8.0,0.0,0.0,1.0,1.0,"$9,404.48","$14,322.58","$12,560.68",see codebook
  psid_1965  ,22.0,10.0,1.0,0.0,1.0,1.0,"$9,717.96","$9,023.23","$13,299.54",see codebook
  PSID_1966 ,40.0,7.0,1.0,0.0,1.0,1.0,"$9,737.56","$8,674.11","$9,221.01",see codebook
  psid_1967  ,52.0,5.0,1.0,0.0,1.0,1.0,"$9,796.33","$1,074.19",$0.00,see codebook
  psid_1968  ,34.0,10.0,0.0,0.0,1.0,1.0,"$9,796.33","$2,327.42","$26,599.08",see codebook
  PSID_1969 ,38.0,7.0,0.0,0.0,1.0,1.0,"$9,796.33","$5,370.97","$11,821.81",see codebook
  psid_1970  ,49.0,5.0,1.0,0.0,1.0,1.0,"$9,796.33","$5,370.97",$0.00,see codebook
  psid_1971  ,20.0,10.0,1.0,0.0,1.0,1.0,"$9,796.33","$5,370.97","$7,388.63",see codebook
  PSID_1972 ,44.0,5.0,1.0,0.0,1.0,1.0,"$9,796.33","$8,951.61","$8,866.36",see codebook
  psid_1973  ,34.0,9.0,1.0,0.0,1.0,1.0,"$9,796.33","$8,951.61","$10,344.09",see codebook
  psid_1974  ,46.0,9.0,1.0,0.0,0.0,1.0,"$9,796.33","$9,309.68","$8,866.36",see codebook
  PSID_1975 ,47.0,4.0,1.0,0.0,0.0,1.0,"$9,796.33","$10,741.93","$5,910.91",see codebook
  psid_1976  ,24.0,11.0,1.0,0.0,1.0,1.0,"$9,796.33","$10,741.93","$13,299.54",see codebook
  psid_1977  ,39.0,5.0,1.0,0.0,1.0,1.0,"$9,796.33","$10,741.93","$19,210.45",see codebook
  PSID_1978 ,32.0,11.0,1.0,0.0,0.0,1.0,"$9,796.33","$14,322.58",$886.64,see codebook
  psid_1979  ,43.0,11.0,0.0,0.0,1.0,1.0,"$9,796.33","$21,483.87","$22,165.90",see codebook
  psid_1980  ,24.0,11.0,0.0,0.0,1.0,1.0,"$9,796.33","$24,885.48","$25,121.35",see codebook
  PSID_1981 ,37.0,7.0,0.0,0.0,1.0,1.0,"$9,796.33","$29,719.36","$5,172.04",see codebook
  psid_1982  ,23.0,11.0,1.0,0.0,1.0,1.0,"$9,980.50","$6,266.13","$10,344.09",see codebook
  psid_1983  ,21.0,11.0,0.0,1.0,1.0,1.0,"$9,992.26","$4,114.16","$17,732.72",see codebook
  PSID_1984 ,39.0,11.0,1.0,0.0,1.0,1.0,"$9,992.26","$11,637.10","$7,260.07",see codebook
  psid_1985  ,27.0,6.0,0.0,0.0,1.0,1.0,"$9,992.26","$11,637.10","$13,299.54",see codebook
  psid_1986  ,41.0,10.0,1.0,0.0,1.0,1.0,"$10,090.22","$14,757.63","$9,753.00",see codebook
  PSID_1987 ,32.0,10.0,1.0,0.0,0.0,1.0,"$10,188.19","$8,951.61",$0.00,see codebook
  psid_1988  ,40.0,5.0,1.0,0.0,1.0,1.0,"$10,188.19","$12,174.19",$0.00,see codebook
  psid_1989  ,37.0,11.0,1.0,0.0,1.0,1.0,"$10,188.19","$13,964.52","$13,299.54",see codebook
  PSID_1990 ,37.0,11.0,1.0,0.0,1.0,1.0,"$10,188.19","$13,964.52","$13,299.54",see codebook
  psid_1991  ,50.0,11.0,1.0,0.0,0.0,1.0,"$10,188.19","$17,903.23","$14,777.27",see codebook
  psid_1992  ,47.0,8.0,0.0,1.0,1.0,1.0,"$10,286.15","$7,161.29","$1,477.73",see codebook
  PSID_1993 ,29.0,10.0,1.0,0.0,1.0,1.0,"$10,384.11","$7,304.52","$11,501.15",see codebook
  psid_1994  ,19.0,10.0,0.0,0.0,1.0,1.0,"$10,431.14","$6,982.26","$9,753.00",see codebook
  psid_1995  ,44.0,6.0,0.0,0.0,1.0,1.0,"$10,450.73","$13,427.42","$17,023.41",see codebook
  PSID_1996 ,28.0,7.0,1.0,0.0,1.0,1.0,"$10,487.96","$8,260.55","$8,127.50",see codebook
  psid_1997  ,25.0,10.0,0.0,0.0,1.0,1.0,"$10,580.04","$8,647.26","$8,866.36",see codebook
  psid_1998  ,39.0,9.0,1.0,0.0,1.0,1.0,"$10,580.04","$9,667.74","$11,821.81",see codebook
  PSID_1999 ,39.0,9.0,1.0,0.0,1.0,1.0,"$10,580.04","$9,667.74","$11,821.81",see codebook
  psid_2000  ,34.0,8.0,1.0,0.0,1.0,1.0,"$10,580.04","$12,532.26","$19,210.45",see codebook
  psid_2001  ,39.0,7.0,0.0,0.0,1.0,1.0,"$10,580.04","$17,545.16",$0.00,see codebook
  PSID_2002 ,53.0,7.0,1.0,0.0,1.0,1.0,"$10,583.96","$17,525.47","$15,926.94",see codebook
  psid_2003  ,53.0,7.0,1.0,0.0,1.0,1.0,"$10,583.96","$17,525.47","$15,926.94",see codebook
  psid_2004  ,28.0,8.0,0.0,0.0,1.0,1.0,"$10,678.00","$10,382.08","$15,146.70",see codebook
  PSID_2005 ,49.0,10.0,1.0,0.0,1.0,1.0,"$10,775.97",$0.00,"$5,319.82",see codebook
  psid_2006  ,49.0,10.0,1.0,0.0,1.0,1.0,"$10,775.97",$0.00,"$5,319.82",see codebook
  psid_2007  ,47.0,6.0,1.0,0.0,1.0,1.0,"$10,775.97","$8,056.45",$0.00,see codebook
  PSID_2008 ,30.0,9.0,1.0,0.0,1.0,1.0,"$10,775.97","$8,951.61","$16,254.99",see codebook
  psid_2009  ,31.0,9.0,1.0,0.0,1.0,1.0,"$10,775.97","$8,951.61","$5,910.91",see codebook
  psid_2010  ,29.0,8.0,0.0,0.0,1.0,1.0,"$10,775.97","$8,951.61","$9,605.22",see codebook
  PSID_2011 ,44.0,7.0,1.0,0.0,1.0,1.0,"$10,775.97","$10,741.93","$1,078.74",see codebook
  psid_2012  ,19.0,10.0,0.0,0.0,1.0,1.0,"$10,775.97","$14,322.58","$23,643.62",see codebook
  psid_2013  ,42.0,6.0,0.0,1.0,1.0,1.0,"$10,775.97","$22,558.06","$11,821.81",see codebook
  PSID_2014 ,54.0,10.0,0.0,0.0,1.0,1.0,"$10,775.97","$32,225.81","$19,210.45",see codebook
  psid_2015  ,48.0,10.0,1.0,0.0,1.0,1.0,"$10,785.76","$5,370.97","$14,895.48",see codebook
  psid_2016  ,27.0,11.0,1.0,0.0,1.0,1.0,"$10,897.44","$3,938.71","$7,684.18",see codebook
  PSID_2017 ,22.0,11.0,1.0,0.0,0.0,1.0,"$10,971.89","$7,161.29","$7,675.31",see codebook
  psid_2018  ,33.0,10.0,0.0,0.0,1.0,1.0,"$10,971.89","$12,174.19","$24,825.81",see codebook
  psid_2019  ,37.0,8.0,0.0,0.0,1.0,1.0,"$10,971.89","$13,427.42","$14,777.27",see codebook
  PSID_2020 ,22.0,11.0,1.0,0.0,0.0,1.0,"$11,069.86","$5,191.94","$9,605.22",see codebook
  psid_2021  ,21.0,11.0,0.0,0.0,0.0,1.0,"$11,167.82","$5,370.97","$13,151.77",see codebook
  psid_2022  ,23.0,9.0,0.0,0.0,1.0,1.0,"$11,167.82","$11,995.16","$11,891.27",see codebook
  PSID_2023 ,35.0,8.0,0.0,0.0,1.0,1.0,"$11,167.82","$18,796.60","$13,299.54",see codebook
  psid_2024  ,31.0,8.0,0.0,0.0,1.0,1.0,"$11,167.82","$19,335.48","$20,688.17",see codebook
  psid_2025  ,26.0,6.0,1.0,0.0,1.0,1.0,"$11,461.71","$9,807.39","$7,979.72",see codebook
  PSID_2026 ,22.0,9.0,1.0,0.0,1.0,1.0,"$11,708.58","$10,419.68","$9,079.15",see codebook
  psid_2027  ,33.0,6.0,1.0,0.0,1.0,1.0,"$11,739.93","$5,958.19","$9,788.46",see codebook
  psid_2028  ,27.0,9.0,0.0,0.0,1.0,1.0,"$11,749.72","$2,327.42","$19,210.45",see codebook
  PSID_2029 ,34.0,11.0,1.0,0.0,0.0,1.0,"$11,755.60","$2,148.39","$15,516.13",see codebook
  psid_2030  ,23.0,11.0,1.0,0.0,1.0,1.0,"$11,755.60","$5,818.55","$10,048.54",see codebook
  psid_2031  ,25.0,9.0,1.0,0.0,0.0,1.0,"$11,755.60","$7,161.29","$6,649.77",see codebook
  PSID_2032 ,28.0,9.0,1.0,0.0,1.0,1.0,"$11,755.60","$7,161.29","$11,821.81",see codebook
  psid_2033  ,46.0,10.0,0.0,0.0,1.0,1.0,"$11,755.60","$7,161.29","$10,166.76",see codebook
  psid_2034  ,46.0,10.0,0.0,0.0,1.0,1.0,"$11,755.60","$7,161.29","$10,166.76",see codebook
  PSID_2035 ,53.0,2.0,0.0,0.0,1.0,1.0,"$11,755.60","$8,593.55",$0.00,see codebook
  psid_2036  ,48.0,8.0,0.0,0.0,1.0,1.0,"$11,755.60","$8,844.19","$3,073.67",see codebook
  psid_2037  ,48.0,8.0,0.0,0.0,1.0,1.0,"$11,755.60","$8,844.19","$3,073.67",see codebook
  PSID_2038 ,35.0,11.0,1.0,0.0,1.0,1.0,"$11,755.60","$8,951.61",$0.00,see codebook
  psid_2039  ,29.0,10.0,1.0,0.0,1.0,1.0,"$11,755.60","$9,780.53","$8,866.36",see codebook
  psid_2040  ,43.0,9.0,0.0,0.0,1.0,1.0,"$11,755.60","$10,741.93","$10,344.09",see codebook
  PSID_2041 ,42.0,8.0,1.0,0.0,1.0,1.0,"$11,755.60","$10,741.93","$11,821.81",see codebook
  psid_2042  ,47.0,11.0,1.0,0.0,1.0,1.0,"$11,755.60","$10,741.93","$14,260.06",see codebook
  psid_2043  ,34.0,10.0,0.0,0.0,1.0,1.0,"$11,755.60","$12,174.19","$11,821.81",see codebook
  PSID_2044 ,39.0,10.0,1.0,0.0,0.0,1.0,"$11,755.60","$12,532.26","$25,248.44",see codebook
  psid_2045  ,43.0,8.0,1.0,0.0,1.0,1.0,"$11,755.60","$12,532.26","$12,930.11",see codebook
  psid_2046  ,43.0,8.0,1.0,0.0,1.0,1.0,"$11,755.60","$12,532.26","$12,930.11",see codebook
  PSID_2047 ,28.0,10.0,1.0,0.0,1.0,1.0,"$11,755.60","$15,217.74","$10,639.63",see codebook
  psid_2048  ,47.0,11.0,1.0,0.0,1.0,1.0,"$11,755.60","$16,053.82",$0.00,see codebook
  psid_2049  ,45.0,0.0,0.0,1.0,1.0,1.0,"$11,755.60","$16,112.90","$10,344.09",see codebook
  PSID_2050 ,53.0,4.0,1.0,0.0,1.0,1.0,"$11,892.75","$8,951.61","$10,344.09",see codebook
  psid_2051  ,54.0,4.0,1.0,0.0,0.0,1.0,"$11,933.89","$10,965.73","$11,821.81",see codebook
  psid_2052  ,41.0,9.0,0.0,0.0,1.0,1.0,"$11,951.53","$12,890.32","$8,718.59",see codebook
  PSID_2053 ,44.0,7.0,1.0,0.0,1.0,1.0,"$11,967.20","$14,566.07","$14,147.75",see codebook
  psid_2054  ,51.0,8.0,0.0,0.0,1.0,1.0,"$11,986.79","$1,546.84",$0.00,see codebook
  psid_2055  ,26.0,10.0,0.0,0.0,0.0,1.0,"$12,000.51","$14,322.58","$17,732.72",see codebook
  PSID_2056 ,53.0,4.0,0.0,0.0,1.0,1.0,"$12,039.70","$2,660.42","$7,388.63",see codebook
  psid_2057  ,30.0,9.0,0.0,0.0,1.0,1.0,"$12,178.80","$11,493.87","$12,847.36",see codebook
  psid_2058  ,54.0,3.0,1.0,0.0,1.0,1.0,"$12,225.83","$9,606.87","$11,821.81",see codebook
  PSID_2059 ,53.0,8.0,0.0,0.0,1.0,1.0,"$12,235.62",$0.00,"$7,240.86",see codebook
  psid_2060  ,34.0,10.0,1.0,0.0,1.0,1.0,"$12,343.38","$11,637.10","$9,900.77",see codebook
  psid_2061  ,48.0,5.0,1.0,0.0,1.0,1.0,"$12,343.38","$13,606.45","$13,323.18",see codebook
  PSID_2062 ,45.0,11.0,0.0,0.0,1.0,1.0,"$12,382.57","$21,483.87",$0.00,see codebook
  psid_2063  ,45.0,11.0,0.0,0.0,1.0,1.0,"$12,382.57","$21,483.87",$0.00,see codebook
  psid_2064  ,49.0,6.0,0.0,1.0,1.0,1.0,"$12,539.31","$16,470.97","$13,595.08",see codebook
  PSID_2065 ,49.0,6.0,0.0,1.0,1.0,1.0,"$12,539.31","$16,470.97","$13,595.08",see codebook
  psid_2066  ,22.0,11.0,1.0,0.0,1.0,1.0,"$12,539.31","$21,483.87","$13,299.54",see codebook
  psid_2067  ,25.0,10.0,1.0,0.0,1.0,1.0,"$12,696.05","$8,951.61","$14,777.27",see codebook
  PSID_2068 ,37.0,11.0,0.0,0.0,1.0,1.0,"$12,735.23",$0.00,$0.00,see codebook
  psid_2069  ,33.0,9.0,0.0,0.0,1.0,1.0,"$12,735.23","$6,266.13","$8,866.36",see codebook
  psid_2070  ,33.0,9.0,0.0,0.0,1.0,1.0,"$12,735.23","$6,266.13","$8,866.36",see codebook
  PSID_2071 ,20.0,11.0,0.0,0.0,1.0,1.0,"$12,735.23","$7,161.29","$14,038.40",see codebook
  psid_2072  ,44.0,8.0,0.0,0.0,1.0,1.0,"$12,735.23","$10,312.26","$12,412.90",see codebook
  psid_2073  ,53.0,6.0,1.0,0.0,1.0,1.0,"$12,735.23","$10,741.93","$13,299.54",see codebook
  PSID_2074 ,31.0,6.0,1.0,0.0,0.0,1.0,"$12,735.23","$10,741.93","$5,910.91",see codebook
  psid_2075  ,28.0,9.0,0.0,0.0,1.0,1.0,"$12,735.23","$12,532.26","$17,732.72",see codebook
  psid_2076  ,25.0,11.0,0.0,0.0,1.0,1.0,"$12,735.23","$21,483.87","$8,204.34",see codebook
  PSID_2077 ,50.0,6.0,1.0,0.0,1.0,1.0,"$13,033.04","$4,092.68",$0.00,see codebook
  psid_2078  ,35.0,7.0,0.0,0.0,1.0,1.0,"$13,127.09","$12,711.29","$13,447.31",see codebook
  psid_2079  ,35.0,7.0,0.0,0.0,1.0,1.0,"$13,127.09","$12,711.29","$13,447.31",see codebook
  PSID_2080 ,31.0,11.0,1.0,0.0,1.0,1.0,"$13,127.09","$14,859.68","$16,254.99",see codebook
  psid_2081  ,21.0,9.0,1.0,0.0,0.0,1.0,"$13,127.09","$16,327.74","$8,866.36",see codebook
  psid_2082  ,36.0,11.0,1.0,0.0,1.0,1.0,"$13,140.80","$12,532.26","$12,811.89",see codebook
  PSID_2083 ,40.0,10.0,1.0,0.0,1.0,1.0,"$13,244.64","$19,693.55","$17,732.72",see codebook
  psid_2084  ,30.0,8.0,0.0,0.0,1.0,1.0,"$13,303.42","$17,903.23","$14,333.95",see codebook
  psid_2085  ,44.0,9.0,1.0,0.0,1.0,1.0,"$13,366.12","$14,644.84","$12,435.07",see codebook
  PSID_2086 ,41.0,9.0,0.0,0.0,1.0,1.0,"$13,518.94","$13,964.52","$17,732.72",see codebook
  psid_2087  ,40.0,10.0,0.0,0.0,0.0,1.0,"$13,616.90","$10,741.93","$15,368.36",see codebook
  psid_2088  ,20.0,11.0,0.0,0.0,0.0,1.0,"$13,714.87","$6,194.52","$14,777.27",see codebook
  PSID_2089 ,19.0,11.0,0.0,0.0,1.0,1.0,"$13,714.87","$6,416.52","$27,781.26",see codebook
  psid_2090  ,39.0,7.0,0.0,0.0,1.0,1.0,"$13,714.87","$6,624.19",$0.00,see codebook
  psid_2091  ,46.0,8.0,1.0,0.0,1.0,1.0,"$13,714.87","$7,089.68",$0.00,see codebook
  PSID_2092 ,22.0,11.0,0.0,0.0,1.0,1.0,"$13,714.87","$8,593.55","$8,866.36",see codebook
  psid_2093  ,37.0,11.0,0.0,0.0,1.0,1.0,"$13,714.87","$9,259.55",$0.00,see codebook
  psid_2094  ,48.0,6.0,1.0,0.0,0.0,1.0,"$13,714.87","$11,637.10","$10,604.17",see codebook
  PSID_2095 ,52.0,10.0,0.0,0.0,1.0,1.0,"$13,714.87","$12,174.19","$23,643.62",see codebook
  psid_2096  ,50.0,7.0,1.0,0.0,1.0,1.0,"$13,714.87","$12,532.26","$16,254.99",see codebook
  psid_2097  ,50.0,7.0,1.0,0.0,1.0,1.0,"$13,714.87","$12,532.26","$16,254.99",see codebook
  PSID_2098 ,26.0,11.0,1.0,0.0,1.0,1.0,"$13,714.87","$13,248.39","$11,082.95",see codebook
  psid_2099  ,31.0,11.0,0.0,0.0,1.0,1.0,"$13,714.87","$13,785.48","$20,688.17",see codebook
  psid_2100  ,21.0,10.0,0.0,0.0,1.0,1.0,"$13,714.87","$14,080.89","$7,249.73",see codebook
  PSID_2101 ,52.0,8.0,0.0,0.0,1.0,1.0,"$13,714.87","$14,322.58","$8,748.14",see codebook
  psid_2102  ,30.0,10.0,1.0,0.0,0.0,1.0,"$13,714.87","$14,322.58","$2,364.36",see codebook
  psid_2103  ,20.0,11.0,0.0,0.0,0.0,1.0,"$13,714.87","$14,322.58","$36,943.16",see codebook
  PSID_2104 ,52.0,5.0,0.0,0.0,1.0,1.0,"$13,714.87","$14,322.58","$14,777.27",see codebook
  psid_2105  ,45.0,3.0,0.0,1.0,1.0,1.0,"$13,714.87","$16,112.90","$23,643.62",see codebook
  psid_2106  ,46.0,10.0,1.0,0.0,1.0,1.0,"$13,714.87","$16,112.90","$15,522.04",see codebook
  PSID_2107 ,32.0,7.0,0.0,0.0,1.0,1.0,"$13,714.87","$17,008.06","$19,613.87",see codebook
  psid_2108  ,50.0,7.0,1.0,0.0,1.0,1.0,"$13,714.87","$17,903.23","$16,254.99",see codebook
  psid_2109  ,28.0,6.0,0.0,0.0,1.0,1.0,"$13,734.46","$6,395.03","$10,048.54",see codebook
  PSID_2110 ,33.0,10.0,1.0,0.0,0.0,1.0,"$13,754.05","$13,964.52","$16,905.19",see codebook
  psid_2111  ,53.0,5.0,1.0,0.0,1.0,1.0,"$14,008.76","$2,660.42","$11,082.95",see codebook
  psid_2112  ,44.0,9.0,0.0,0.0,1.0,1.0,"$14,051.86","$13,905.43","$16,373.21",see codebook
  PSID_2113 ,28.0,11.0,0.0,0.0,1.0,1.0,"$14,106.72","$10,741.93","$20,392.63",see codebook
  psid_2114  ,53.0,8.0,0.0,0.0,1.0,1.0,"$14,106.72","$14,322.58","$14,843.76",see codebook
  psid_2115  ,53.0,7.0,0.0,0.0,1.0,1.0,"$14,106.72","$14,322.58","$13,299.54",see codebook
  PSID_2116 ,52.0,4.0,0.0,0.0,1.0,1.0,"$14,106.72","$15,074.52","$14,422.61",see codebook
  psid_2117  ,23.0,11.0,0.0,1.0,1.0,1.0,"$14,263.46","$8,414.52","$26,599.08",see codebook
  psid_2118  ,25.0,9.0,0.0,0.0,1.0,1.0,"$14,263.46","$12,890.32","$16,254.99",see codebook
  PSID_2119 ,54.0,8.0,0.0,1.0,1.0,1.0,"$14,302.65",$0.00,"$8,866.36",see codebook
  psid_2120  ,54.0,8.0,0.0,1.0,1.0,1.0,"$14,302.65",$0.00,"$8,866.36",see codebook
  psid_2121  ,40.0,10.0,0.0,0.0,1.0,1.0,"$14,302.65","$24,169.36","$21,427.04",see codebook
  PSID_2122 ,40.0,10.0,0.0,0.0,1.0,1.0,"$14,302.65","$24,169.36","$21,427.04",see codebook
  psid_2123  ,21.0,11.0,0.0,0.0,1.0,1.0,"$14,400.61","$11,458.07",$0.00,see codebook
  psid_2124  ,51.0,8.0,0.0,0.0,1.0,1.0,"$14,465.27","$21,752.42",$0.00,see codebook
  PSID_2125 ,24.0,10.0,1.0,0.0,1.0,1.0,"$14,482.90","$10,741.93","$11,821.81",see codebook
  psid_2126  ,46.0,8.0,0.0,0.0,1.0,1.0,"$14,498.57","$10,741.93","$14,186.17",see codebook
  psid_2127  ,55.0,3.0,1.0,0.0,1.0,1.0,"$14,547.56","$13,463.23","$10,344.09",see codebook
  PSID_2128 ,41.0,10.0,1.0,0.0,0.0,1.0,"$14,678.83","$15,253.55","$11,821.81",see codebook
  psid_2129  ,25.0,11.0,1.0,0.0,1.0,1.0,"$14,694.50","$6,624.19","$7,107.86",see codebook
  psid_2130  ,39.0,8.0,0.0,0.0,1.0,1.0,"$14,694.50","$12,532.26","$16,254.99",see codebook
  PSID_2131 ,19.0,8.0,0.0,0.0,1.0,1.0,"$14,694.50","$12,532.26","$18,539.56",see codebook
  psid_2132  ,23.0,11.0,1.0,0.0,1.0,1.0,"$14,694.50","$13,427.42","$17,732.72",see codebook
  psid_2133  ,49.0,10.0,0.0,0.0,1.0,1.0,"$14,694.50","$14,322.58","$8,423.04",see codebook
  PSID_2134 ,38.0,11.0,0.0,0.0,1.0,1.0,"$14,694.50","$14,322.58","$28,076.80",see codebook
  psid_2135  ,42.0,11.0,1.0,0.0,0.0,1.0,"$14,694.50","$15,217.74","$11,821.81",see codebook
  psid_2136  ,24.0,11.0,0.0,0.0,1.0,1.0,"$14,694.50","$15,575.81","$14,777.27",see codebook
  PSID_2137 ,36.0,7.0,1.0,0.0,1.0,1.0,"$14,694.50","$15,754.84","$19,210.45",see codebook
  psid_2138  ,39.0,6.0,1.0,0.0,1.0,1.0,"$14,694.50","$16,470.97","$28,076.80",see codebook
  psid_2139  ,20.0,11.0,0.0,0.0,1.0,1.0,"$14,694.50","$17,008.06",$0.00,see codebook
  PSID_2140 ,31.0,10.0,0.0,0.0,1.0,1.0,"$14,890.43","$12,532.26","$16,254.99",see codebook
  psid_2141  ,29.0,9.0,0.0,0.0,1.0,1.0,"$14,890.43","$19,693.55","$25,860.21",see codebook
  psid_2142  ,53.0,9.0,1.0,0.0,1.0,1.0,"$14,945.29","$13,697.76","$14,186.17",see codebook
  PSID_2143 ,45.0,4.0,0.0,0.0,1.0,1.0,"$15,004.07","$13,586.76","$17,686.91",see codebook
  psid_2144  ,28.0,9.0,0.0,0.0,0.0,1.0,"$15,086.35","$13,248.39","$19,210.45",see codebook
  psid_2145  ,53.0,8.0,1.0,0.0,1.0,1.0,"$15,086.35","$15,649.21","$12,921.24",see codebook
  PSID_2146 ,43.0,3.0,0.0,0.0,1.0,1.0,"$15,086.35","$15,933.87","$14,038.40",see codebook
  psid_2147  ,50.0,7.0,0.0,0.0,1.0,1.0,"$15,160.81","$15,933.87","$17,732.72",see codebook
  psid_2148  ,50.0,7.0,0.0,0.0,1.0,1.0,"$15,160.81","$15,933.87","$17,732.72",see codebook
  PSID_2149 ,31.0,8.0,1.0,0.0,1.0,1.0,"$15,176.48","$10,851.14","$19,605.00",see codebook
  psid_2150  ,34.0,11.0,0.0,0.0,1.0,1.0,"$15,184.32",$0.00,"$19,210.45",see codebook
  psid_2151  ,46.0,8.0,0.0,0.0,0.0,1.0,"$15,282.28","$13,158.87","$10,048.54",see codebook
  PSID_2152 ,20.0,9.0,0.0,0.0,1.0,1.0,"$15,282.28","$15,933.87","$20,614.29",see codebook
  psid_2153  ,30.0,9.0,0.0,0.0,1.0,1.0,"$15,478.21","$7,877.42","$8,866.36",see codebook
  psid_2154  ,34.0,6.0,0.0,1.0,1.0,1.0,"$15,478.21","$16,112.90","$16,254.99",see codebook
  PSID_2155 ,27.0,9.0,0.0,0.0,1.0,1.0,"$15,478.21","$16,470.97","$15,516.13",see codebook
  psid_2156  ,19.0,11.0,1.0,0.0,0.0,1.0,"$15,587.93","$10,741.93",$0.00,see codebook
  psid_2157  ,49.0,8.0,0.0,1.0,0.0,1.0,"$15,674.13","$1,074.19",$0.00,see codebook
  PSID_2158 ,31.0,11.0,1.0,0.0,0.0,1.0,"$15,674.13","$4,316.47","$7,093.09",see codebook
  psid_2159  ,25.0,11.0,1.0,0.0,0.0,1.0,"$15,674.13","$6,982.26","$13,890.63",see codebook
  psid_2160  ,23.0,11.0,1.0,0.0,1.0,1.0,"$15,674.13","$8,414.52","$8,866.36",see codebook
  PSID_2161 ,18.0,10.0,0.0,1.0,1.0,1.0,"$15,674.13","$10,741.93","$20,688.17",see codebook
  psid_2162  ,34.0,10.0,1.0,0.0,0.0,1.0,"$15,674.13","$12,532.26","$25,121.35",see codebook
  psid_2163  ,46.0,4.0,0.0,0.0,1.0,1.0,"$15,674.13","$14,322.58","$8,866.36",see codebook
  PSID_2164 ,46.0,7.0,0.0,0.0,1.0,1.0,"$15,674.13","$14,680.64","$9,605.22",see codebook
  psid_2165  ,53.0,6.0,0.0,0.0,1.0,1.0,"$15,674.13","$15,217.74","$14,777.27",see codebook
  psid_2166  ,54.0,7.0,0.0,0.0,1.0,1.0,"$15,674.13","$16,112.90","$18,841.01",see codebook
  PSID_2167 ,37.0,9.0,1.0,0.0,1.0,1.0,"$15,674.13","$16,112.90","$19,210.45",see codebook
  psid_2168  ,24.0,9.0,0.0,0.0,1.0,1.0,"$15,674.13","$16,112.90","$36,943.16",see codebook
  psid_2169  ,53.0,6.0,1.0,0.0,1.0,1.0,"$15,674.13","$16,112.90","$9,974.65",see codebook
  PSID_2170 ,21.0,10.0,0.0,0.0,1.0,1.0,"$15,674.13","$16,112.90","$20,141.41",see codebook
  psid_2171  ,35.0,10.0,1.0,0.0,1.0,1.0,"$15,674.13","$16,470.97","$23,643.62",see codebook
  psid_2172  ,54.0,2.0,1.0,0.0,1.0,1.0,"$15,674.13","$16,990.16","$18,096.24",see codebook
  PSID_2173 ,43.0,10.0,0.0,0.0,1.0,1.0,"$15,674.13","$17,903.23","$19,709.92",see codebook
  psid_2174  ,46.0,8.0,0.0,0.0,1.0,1.0,"$15,674.13","$17,903.23","$17,732.72",see codebook
  psid_2175  ,35.0,11.0,1.0,0.0,1.0,1.0,"$15,674.13","$17,903.23",$0.00,see codebook
  PSID_2176 ,50.0,8.0,0.0,0.0,1.0,1.0,"$15,674.13","$18,109.11","$17,437.17",see codebook
  psid_2177  ,47.0,10.0,0.0,0.0,1.0,1.0,"$15,674.13","$19,693.55","$22,165.90",see codebook
  psid_2178  ,47.0,10.0,0.0,0.0,1.0,1.0,"$15,674.13","$19,693.55","$22,165.90",see codebook
  PSID_2179 ,21.0,9.0,0.0,0.0,1.0,1.0,"$15,674.13","$19,693.55","$1,773.27",see codebook
  psid_2180  ,18.0,10.0,0.0,0.0,1.0,1.0,"$15,674.13","$21,483.87","$24,973.58",see codebook
  psid_2181  ,37.0,8.0,0.0,0.0,1.0,1.0,"$15,674.13","$26,317.74","$36,943.16",see codebook
  PSID_2182 ,41.0,7.0,1.0,0.0,1.0,1.0,"$15,674.13","$32,225.81","$11,082.95",see codebook
  psid_2183  ,31.0,11.0,0.0,0.0,1.0,1.0,"$15,870.06","$15,602.66","$17,732.72",see codebook
  psid_2184  ,35.0,10.0,0.0,0.0,1.0,1.0,"$15,921.00","$16,148.71","$16,606.69",see codebook
  PSID_2185 ,51.0,8.0,1.0,0.0,1.0,1.0,"$15,987.62","$5,800.65",$0.00,see codebook
  psid_2186  ,30.0,7.0,1.0,0.0,1.0,1.0,"$15,995.45","$15,387.82","$13,151.77",see codebook
  psid_2187  ,30.0,11.0,0.0,0.0,1.0,1.0,"$16,065.99","$17,989.16","$23,052.54",see codebook
  PSID_2188 ,30.0,11.0,0.0,0.0,1.0,1.0,"$16,065.99","$17,989.16","$23,052.54",see codebook
  psid_2189  ,53.0,4.0,1.0,0.0,1.0,1.0,"$16,142.40",$984.68,$0.00,see codebook
  psid_2190  ,24.0,10.0,0.0,0.0,1.0,1.0,"$16,144.36","$20,767.74","$22,904.76",see codebook
  PSID_2191 ,48.0,8.0,1.0,0.0,1.0,1.0,"$16,261.91","$11,637.10","$5,172.04",see codebook
  psid_2192  ,48.0,8.0,1.0,0.0,1.0,1.0,"$16,261.91","$11,637.10","$5,172.04",see codebook
  psid_2193  ,47.0,6.0,1.0,0.0,1.0,1.0,"$16,261.91","$14,412.10","$14,260.06",see codebook
  PSID_2194 ,45.0,4.0,0.0,1.0,1.0,1.0,"$16,261.91","$28,108.06","$28,076.80",see codebook
  psid_2195  ,47.0,8.0,1.0,0.0,1.0,1.0,"$16,301.10","$17,129.81","$17,732.72",see codebook
  psid_2196  ,47.0,8.0,1.0,0.0,1.0,1.0,"$16,301.10","$17,129.81","$17,732.72",see codebook
  PSID_2197 ,31.0,11.0,1.0,0.0,1.0,1.0,"$16,453.92","$19,693.55","$14,777.27",see codebook
  psid_2198  ,46.0,8.0,0.0,0.0,1.0,1.0,"$16,457.84","$16,112.90","$16,254.99",see codebook
  psid_2199  ,22.0,11.0,0.0,0.0,0.0,1.0,"$16,653.77","$3,759.68",$0.00,see codebook
  PSID_2200 ,21.0,11.0,0.0,0.0,1.0,1.0,"$16,653.77","$13,427.42","$10,344.09",see codebook
  psid_2201  ,33.0,10.0,0.0,0.0,1.0,1.0,"$16,653.77","$16,112.90","$12,560.68",see codebook
  psid_2202  ,28.0,9.0,0.0,0.0,1.0,1.0,"$16,653.77","$17,158.45","$17,957.33",see codebook
  PSID_2203 ,20.0,10.0,0.0,0.0,1.0,1.0,"$16,849.70","$11,995.16","$17,880.49",see codebook
  psid_2204  ,47.0,11.0,0.0,0.0,1.0,1.0,"$16,928.06","$15,409.31","$17,732.72",see codebook
  psid_2205  ,23.0,11.0,0.0,0.0,1.0,1.0,"$17,045.62","$11,986.21","$5,910.91",see codebook
  PSID_2206 ,35.0,10.0,1.0,0.0,0.0,1.0,"$17,045.62","$14,322.58","$16,846.08",see codebook
  psid_2207  ,25.0,7.0,1.0,0.0,0.0,1.0,"$17,045.62","$16,137.97","$11,821.81",see codebook
  psid_2208  ,23.0,11.0,1.0,0.0,1.0,1.0,"$17,116.15","$10,741.93","$8,866.36",see codebook
  PSID_2209 ,31.0,8.0,0.0,0.0,1.0,1.0,"$17,241.55","$15,754.84","$16,210.66",see codebook
  psid_2210  ,55.0,8.0,1.0,0.0,1.0,1.0,"$17,241.55","$17,903.23","$16,254.99",see codebook
  psid_2211  ,33.0,11.0,1.0,0.0,1.0,1.0,"$17,370.86","$15,844.36","$14,753.62",see codebook
  PSID_2212 ,31.0,9.0,1.0,0.0,0.0,1.0,"$17,437.47","$13,427.42","$11,326.77",see codebook
  psid_2213  ,34.0,7.0,0.0,0.0,0.0,1.0,"$17,619.69","$20,481.29","$19,432.10",see codebook
  psid_2214  ,22.0,11.0,0.0,0.0,1.0,1.0,"$17,633.40",$0.00,"$13,299.54",see codebook
  PSID_2215 ,21.0,9.0,0.0,0.0,1.0,1.0,"$17,633.40","$3,202.89","$3,251.00",see codebook
  psid_2216  ,42.0,8.0,1.0,0.0,0.0,1.0,"$17,633.40","$10,562.90",$0.00,see codebook
  psid_2217  ,46.0,10.0,0.0,1.0,1.0,1.0,"$17,633.40","$10,741.93","$5,910.91",see codebook
  PSID_2218 ,23.0,9.0,1.0,0.0,1.0,1.0,"$17,633.40","$12,532.26","$14,777.27",see codebook
  psid_2219  ,33.0,8.0,0.0,0.0,1.0,1.0,"$17,633.40","$12,890.32","$22,165.90",see codebook
  psid_2220  ,43.0,11.0,1.0,0.0,1.0,1.0,"$17,633.40","$14,322.58","$17,732.72",see codebook
  PSID_2221 ,43.0,11.0,1.0,0.0,1.0,1.0,"$17,633.40","$14,322.58","$17,732.72",see codebook
  psid_2222  ,29.0,8.0,0.0,0.0,1.0,1.0,"$17,633.40","$16,112.90","$11,821.81",see codebook
  psid_2223  ,35.0,9.0,0.0,0.0,1.0,1.0,"$17,633.40","$16,112.90","$17,732.72",see codebook
  PSID_2224 ,50.0,9.0,1.0,0.0,1.0,1.0,"$17,633.40","$16,112.90","$16,254.99",see codebook
  psid_2225  ,18.0,9.0,0.0,0.0,1.0,1.0,"$17,633.40","$16,112.90","$17,584.95",see codebook
  psid_2226  ,44.0,11.0,0.0,0.0,1.0,1.0,"$17,633.40","$16,470.97","$14,555.61",see codebook
  PSID_2227 ,34.0,6.0,0.0,0.0,1.0,1.0,"$17,633.40","$17,903.23","$4,876.50",see codebook
  psid_2228  ,26.0,8.0,0.0,0.0,1.0,1.0,"$17,633.40","$18,440.32",$886.64,see codebook
  psid_2229  ,47.0,10.0,0.0,0.0,1.0,1.0,"$17,633.40","$19,693.55","$30,884.48",see codebook
  PSID_2230 ,25.0,11.0,1.0,0.0,1.0,1.0,"$17,633.40","$21,483.87","$26,599.08",see codebook
  psid_2231  ,44.0,8.0,1.0,0.0,1.0,1.0,"$17,633.40","$21,483.87","$19,210.45",see codebook
  psid_2232  ,36.0,10.0,1.0,0.0,0.0,1.0,"$17,633.40","$21,483.87","$17,732.72",see codebook
  PSID_2233 ,40.0,2.0,1.0,0.0,1.0,1.0,"$17,645.16","$13,427.42","$8,866.36",see codebook
  psid_2234  ,46.0,11.0,0.0,0.0,1.0,1.0,"$17,684.34","$16,112.90","$19,210.45",see codebook
  psid_2235  ,44.0,5.0,1.0,0.0,1.0,1.0,"$17,688.26","$17,903.23","$19,210.45",see codebook
  PSID_2236 ,38.0,9.0,0.0,0.0,1.0,1.0,"$17,829.33","$7,877.42","$20,688.17",see codebook
  psid_2237  ,54.0,11.0,0.0,0.0,1.0,1.0,"$17,829.33","$15,754.84","$18,102.15",see codebook
  psid_2238  ,32.0,8.0,0.0,0.0,1.0,1.0,"$17,829.33","$21,483.87","$20,688.17",see codebook
  PSID_2239 ,23.0,10.0,0.0,0.0,1.0,1.0,"$17,829.33","$21,483.87","$23,643.62",see codebook
  psid_2240  ,46.0,11.0,1.0,0.0,1.0,1.0,"$17,868.51","$17,903.23","$13,326.14",see codebook
  psid_2241  ,44.0,11.0,1.0,0.0,1.0,1.0,"$17,929.25","$18,588.92","$19,210.45",see codebook
  PSID_2242 ,41.0,10.0,1.0,0.0,1.0,1.0,"$18,025.26","$17,366.13","$21,427.04",see codebook
  psid_2243  ,44.0,8.0,0.0,0.0,1.0,1.0,"$18,025.26","$18,798.39","$28,076.80",see codebook
  psid_2244  ,36.0,11.0,1.0,0.0,1.0,1.0,"$18,025.26","$21,483.87","$26,599.08",see codebook
  PSID_2245 ,23.0,8.0,0.0,0.0,1.0,1.0,"$18,221.18","$25,073.47","$12,117.36",see codebook
  psid_2246  ,20.0,9.0,0.0,0.0,1.0,1.0,"$18,285.84","$20,767.74","$23,643.62",see codebook
  psid_2247  ,46.0,3.0,1.0,0.0,1.0,1.0,"$18,319.14","$14,322.58","$19,949.31",see codebook
  PSID_2248 ,36.0,10.0,1.0,0.0,1.0,1.0,"$18,417.11","$16,112.90","$22,165.90",see codebook
  psid_2249  ,40.0,10.0,0.0,0.0,1.0,1.0,"$18,417.11","$17,903.23","$20,688.17",see codebook
  psid_2250  ,40.0,10.0,0.0,0.0,1.0,1.0,"$18,417.11","$17,903.23","$20,688.17",see codebook
  PSID_2251 ,27.0,8.0,1.0,0.0,1.0,1.0,"$18,417.11","$22,916.13","$31,032.26",see codebook
  psid_2252  ,24.0,11.0,1.0,0.0,0.0,1.0,"$18,613.04","$20,230.64","$31,032.26",see codebook
  psid_2253  ,34.0,11.0,1.0,0.0,1.0,1.0,"$18,808.96","$17,903.23","$14,777.27",see codebook
  PSID_2254 ,47.0,10.0,0.0,0.0,1.0,1.0,"$19,004.89","$17,903.23","$21,722.58",see codebook
  psid_2255  ,47.0,10.0,0.0,0.0,1.0,1.0,"$19,004.89","$17,903.23","$21,722.58",see codebook
  psid_2256  ,49.0,4.0,0.0,0.0,1.0,1.0,"$19,200.81","$7,161.29","$2,955.45",see codebook
  PSID_2257 ,35.0,9.0,0.0,0.0,1.0,1.0,"$19,200.81","$17,706.29","$8,866.36",see codebook
  psid_2258  ,33.0,9.0,1.0,0.0,1.0,1.0,"$19,396.74","$16,112.90","$19,210.45",see codebook
  psid_2259  ,51.0,11.0,0.0,0.0,1.0,1.0,"$19,592.67","$6,982.26","$26,599.08",see codebook
  PSID_2260 ,33.0,10.0,0.0,0.0,1.0,1.0,"$19,592.67","$10,741.93","$26,599.08",see codebook
  psid_2261  ,20.0,7.0,1.0,0.0,1.0,1.0,"$19,592.67","$11,637.10","$14,777.27",see codebook
  psid_2262  ,36.0,8.0,0.0,1.0,1.0,1.0,"$19,592.67","$11,995.16","$16,993.86",see codebook
  PSID_2263 ,36.0,8.0,0.0,1.0,1.0,1.0,"$19,592.67","$11,995.16","$16,993.86",see codebook
  psid_2264  ,28.0,11.0,1.0,0.0,1.0,1.0,"$19,592.67","$12,890.32","$7,130.03",see codebook
  psid_2265  ,44.0,6.0,1.0,0.0,1.0,1.0,"$19,592.67","$14,322.58","$5,615.36",see codebook
  PSID_2266 ,22.0,10.0,0.0,0.0,1.0,1.0,"$19,592.67","$15,217.74",$0.00,see codebook
  psid_2267  ,50.0,10.0,0.0,0.0,1.0,1.0,"$19,592.67","$15,933.87","$29,554.53",see codebook
  psid_2268  ,52.0,9.0,0.0,0.0,1.0,1.0,"$19,592.67","$16,112.90","$24,045.57",see codebook
  PSID_2269 ,25.0,5.0,1.0,0.0,1.0,1.0,"$19,592.67","$16,650.00","$28,076.80",see codebook
  psid_2270  ,52.0,8.0,0.0,0.0,1.0,1.0,"$19,592.67","$17,903.23","$17,289.40",see codebook
  psid_2271  ,38.0,8.0,0.0,0.0,1.0,1.0,"$19,592.67","$17,903.23","$30,207.69",see codebook
  PSID_2272 ,53.0,7.0,0.0,0.0,1.0,1.0,"$19,592.67","$19,693.55","$22,165.90",see codebook
  psid_2273  ,38.0,8.0,0.0,0.0,1.0,1.0,"$19,592.67","$19,693.55","$23,643.62",see codebook
  psid_2274  ,38.0,8.0,0.0,0.0,1.0,1.0,"$19,592.67","$19,693.55","$23,643.62",see codebook
  PSID_2275 ,22.0,11.0,0.0,0.0,1.0,1.0,"$19,592.67","$20,588.71","$27,929.03",see codebook
  psid_2276  ,41.0,9.0,0.0,0.0,1.0,1.0,"$19,592.67","$21,483.87","$20,303.96",see codebook
  psid_2277  ,30.0,11.0,1.0,0.0,1.0,1.0,"$19,592.67","$24,547.11","$22,165.90",see codebook
  PSID_2278 ,24.0,10.0,0.0,0.0,1.0,1.0,"$19,592.67","$25,064.52","$29,554.53",see codebook
  psid_2279  ,43.0,6.0,1.0,0.0,1.0,1.0,"$19,912.03","$16,112.90","$20,688.17",see codebook
  psid_2280  ,55.0,6.0,1.0,0.0,1.0,1.0,"$19,962.97","$26,854.84","$14,777.27",see codebook
  PSID_2281 ,27.0,7.0,0.0,0.0,1.0,1.0,"$19,984.52","$20,409.68","$31,032.26",see codebook
  psid_2282  ,23.0,10.0,0.0,0.0,1.0,1.0,"$19,984.52","$21,483.87","$17,732.72",see codebook
  psid_2283  ,53.0,10.0,0.0,0.0,1.0,1.0,"$19,984.52","$21,483.87","$4,433.18",see codebook
  PSID_2284 ,48.0,8.0,0.0,0.0,1.0,1.0,"$19,984.52","$21,483.87","$19,210.45",see codebook
  psid_2285  ,53.0,10.0,1.0,0.0,1.0,1.0,"$20,062.89","$15,502.40","$13,299.54",see codebook
  psid_2286  ,50.0,7.0,0.0,0.0,1.0,1.0,"$20,180.45","$14,322.58",$0.00,see codebook
  PSID_2287 ,40.0,11.0,1.0,0.0,1.0,1.0,"$20,278.41","$16,112.90","$19,210.45",see codebook
  psid_2288  ,50.0,7.0,1.0,0.0,1.0,1.0,"$20,384.21","$17,008.06","$17,732.72",see codebook
  psid_2289  ,38.0,9.0,1.0,0.0,1.0,1.0,"$20,388.13","$22,407.68","$16,254.99",see codebook
  PSID_2290 ,52.0,5.0,0.0,0.0,1.0,1.0,"$20,572.30","$16,112.90","$19,210.45",see codebook
  psid_2291  ,36.0,10.0,0.0,0.0,1.0,1.0,"$20,572.30","$17,366.13","$14,481.72",see codebook
  psid_2292  ,40.0,11.0,0.0,0.0,1.0,1.0,"$20,572.30","$21,483.87","$27,485.71",see codebook
  PSID_2293 ,38.0,11.0,0.0,0.0,1.0,1.0,"$20,572.30","$21,483.87","$19,210.45",see codebook
  psid_2294  ,41.0,8.0,0.0,0.0,1.0,1.0,"$20,572.30","$22,379.03","$19,633.07",see codebook
  psid_2295  ,43.0,11.0,0.0,0.0,1.0,1.0,"$20,629.12","$31,330.64","$26,599.08",see codebook
  PSID_2296 ,46.0,10.0,0.0,0.0,1.0,1.0,"$20,944.56","$21,338.86","$21,131.49",see codebook
  psid_2297  ,53.0,8.0,0.0,0.0,1.0,1.0,"$20,964.15","$22,033.50","$23,195.87",see codebook
  psid_2298  ,25.0,10.0,0.0,0.0,1.0,1.0,"$20,964.15","$23,632.26","$23,495.85",see codebook
  PSID_2299 ,44.0,10.0,1.0,0.0,1.0,1.0,"$20,993.54","$19,190.47","$25,068.15",see codebook
  psid_2300  ,44.0,10.0,1.0,0.0,1.0,1.0,"$20,993.54","$19,190.47","$25,068.15",see codebook
  psid_2301  ,37.0,8.0,0.0,0.0,1.0,1.0,"$21,481.40","$14,322.58","$23,643.62",see codebook
  PSID_2302 ,34.0,10.0,1.0,0.0,1.0,1.0,"$21,551.94","$10,083.10","$18,471.58",see codebook
  psid_2303  ,46.0,11.0,0.0,0.0,1.0,1.0,"$21,551.94","$16,112.90","$13,299.54",see codebook
  psid_2304  ,48.0,6.0,1.0,0.0,1.0,1.0,"$21,551.94","$16,112.90","$17,732.72",see codebook
  PSID_2305 ,42.0,10.0,0.0,0.0,1.0,1.0,"$21,551.94","$18,798.39","$22,165.90",see codebook
  psid_2306  ,55.0,10.0,0.0,0.0,1.0,1.0,"$21,551.94","$19,693.55","$14,777.27",see codebook
  psid_2307  ,39.0,9.0,0.0,0.0,1.0,1.0,"$21,551.94","$19,693.55","$20,688.17",see codebook
  PSID_2308 ,41.0,10.0,1.0,0.0,1.0,1.0,"$21,551.94","$20,767.74","$25,121.35",see codebook
  psid_2309  ,33.0,8.0,1.0,0.0,1.0,1.0,"$21,551.94","$22,379.03","$27,485.71",see codebook
  psid_2310  ,22.0,10.0,1.0,0.0,1.0,1.0,"$21,551.94","$25,064.52","$31,032.26",see codebook
  PSID_2311 ,25.0,8.0,0.0,0.0,1.0,1.0,"$21,551.94","$25,959.68","$25,121.35",see codebook
  psid_2312  ,54.0,9.0,1.0,0.0,0.0,1.0,"$21,551.94","$30,435.48","$33,987.71",see codebook
  psid_2313  ,49.0,8.0,0.0,0.0,0.0,1.0,"$21,551.94","$36,316.70","$44,331.80",see codebook
  PSID_2314 ,35.0,10.0,0.0,0.0,1.0,1.0,"$21,583.28","$23,847.10","$22,756.99",see codebook
  psid_2315  ,43.0,9.0,0.0,0.0,1.0,1.0,"$21,630.30","$11,565.48","$11,821.81",see codebook
  psid_2316  ,39.0,7.0,0.0,0.0,1.0,1.0,"$21,712.60","$24,065.52","$23,643.62",see codebook
  PSID_2317 ,47.0,10.0,0.0,1.0,1.0,1.0,"$21,943.79","$18,977.42","$19,210.45",see codebook
  psid_2318  ,51.0,10.0,0.0,0.0,1.0,1.0,"$21,943.79","$23,274.19","$25,860.21",see codebook
  psid_2319  ,51.0,10.0,0.0,0.0,1.0,1.0,"$21,943.79","$23,274.19","$25,860.21",see codebook
  PSID_2320 ,49.0,5.0,0.0,1.0,1.0,1.0,"$22,041.75","$23,274.19","$20,392.63",see codebook
  psid_2321  ,48.0,11.0,0.0,0.0,1.0,1.0,"$22,178.90","$19,693.55","$16,254.99",see codebook
  psid_2322  ,48.0,11.0,0.0,0.0,1.0,1.0,"$22,178.90","$19,693.55","$16,254.99",see codebook
  PSID_2323 ,30.0,10.0,1.0,0.0,1.0,1.0,"$22,335.64",$0.00,"$121,173.58",see codebook
  psid_2324  ,31.0,9.0,0.0,0.0,1.0,1.0,"$22,531.57","$21,483.87",$0.00,see codebook
  psid_2325  ,28.0,9.0,0.0,0.0,1.0,1.0,"$22,727.49","$20,767.74","$22,904.76",see codebook
  PSID_2326 ,49.0,10.0,0.0,0.0,1.0,1.0,"$22,727.49","$23,095.16","$24,086.94",see codebook
  psid_2327  ,48.0,10.0,0.0,0.0,1.0,1.0,"$22,727.49","$26,854.84","$27,042.40",see codebook
  psid_2328  ,49.0,9.0,0.0,0.0,1.0,1.0,"$22,727.49","$30,435.48","$29,554.53",see codebook
  PSID_2329 ,49.0,4.0,1.0,0.0,1.0,1.0,"$22,968.48","$28,645.16","$22,165.90",see codebook
  psid_2330  ,32.0,10.0,0.0,0.0,1.0,1.0,"$23,025.30","$21,483.87","$33,987.71",see codebook
  psid_2331  ,30.0,11.0,0.0,0.0,1.0,1.0,"$23,119.35","$20,051.61","$22,018.13",see codebook
  PSID_2332 ,47.0,10.0,0.0,0.0,1.0,1.0,"$23,236.90","$17,903.23","$35,364.95",see codebook
  psid_2333  ,31.0,10.0,0.0,0.0,1.0,1.0,"$23,315.28","$2,467.06","$15,220.58",see codebook
  psid_2334  ,48.0,10.0,0.0,0.0,1.0,1.0,"$23,511.20","$2,864.52",$0.00,see codebook
  PSID_2335 ,28.0,11.0,0.0,0.0,1.0,1.0,"$23,511.20","$5,370.97","$21,796.47",see codebook
  psid_2336  ,33.0,10.0,1.0,0.0,1.0,1.0,"$23,511.20","$12,532.26","$18,471.58",see codebook
  psid_2337  ,52.0,8.0,1.0,0.0,0.0,1.0,"$23,511.20","$15,217.74","$7,093.09",see codebook
  PSID_2338 ,53.0,5.0,0.0,0.0,1.0,1.0,"$23,511.20","$17,903.23","$20,215.30",see codebook
  psid_2339  ,42.0,6.0,0.0,0.0,1.0,1.0,"$23,511.20","$17,903.23","$23,643.62",see codebook
  psid_2340  ,42.0,6.0,0.0,0.0,1.0,1.0,"$23,511.20","$17,903.23","$23,643.62",see codebook
  PSID_2341 ,42.0,6.0,0.0,0.0,1.0,1.0,"$23,511.20","$17,903.23","$23,643.62",see codebook
  psid_2342  ,42.0,8.0,0.0,0.0,1.0,1.0,"$23,511.20","$18,798.39","$26,569.52",see codebook
  psid_2343  ,30.0,9.0,0.0,0.0,1.0,1.0,"$23,511.20","$19,441.11","$26,599.08",see codebook
  PSID_2344 ,36.0,7.0,1.0,0.0,1.0,1.0,"$23,511.20","$21,483.87","$13,299.54",see codebook
  psid_2345  ,54.0,8.0,0.0,0.0,1.0,1.0,"$23,511.20","$21,483.87","$19,210.45",see codebook
  psid_2346  ,42.0,9.0,0.0,0.0,1.0,1.0,"$23,511.20","$21,841.94","$26,303.53",see codebook
  PSID_2347 ,51.0,8.0,1.0,0.0,1.0,1.0,"$23,511.20","$23,274.19","$23,643.62",see codebook
  psid_2348  ,24.0,10.0,0.0,0.0,1.0,1.0,"$23,511.20","$25,062.73","$29,678.66",see codebook
  psid_2349  ,23.0,10.0,0.0,0.0,1.0,1.0,"$23,511.20","$25,064.52","$25,121.35",see codebook
  PSID_2350 ,50.0,8.0,0.0,0.0,1.0,1.0,"$23,511.20","$25,243.55","$26,155.76",see codebook
  psid_2351  ,51.0,11.0,0.0,0.0,1.0,1.0,"$23,511.20","$25,780.64","$27,190.17",see codebook
  psid_2352  ,51.0,8.0,0.0,0.0,1.0,1.0,"$23,511.20","$26,407.26","$22,165.90",see codebook
  PSID_2353 ,51.0,8.0,0.0,0.0,1.0,1.0,"$23,511.20","$27,019.55","$27,337.94",see codebook
  psid_2354  ,30.0,10.0,0.0,0.0,1.0,1.0,"$23,511.20","$28,645.16","$28,047.25",see codebook
  psid_2355  ,52.0,11.0,0.0,0.0,1.0,1.0,"$23,568.02",$0.00,$0.00,see codebook
  PSID_2356 ,50.0,8.0,1.0,0.0,1.0,1.0,"$23,707.13","$28,913.71","$31,032.26",see codebook
  psid_2357  ,29.0,10.0,0.0,0.0,1.0,1.0,"$23,711.05","$26,854.84","$13,299.54",see codebook
  psid_2358  ,48.0,9.0,0.0,0.0,1.0,1.0,"$23,859.95","$25,064.52","$26,968.51",see codebook
  PSID_2359 ,30.0,9.0,0.0,0.0,1.0,1.0,"$23,903.05","$23,900.81","$23,791.40",see codebook
  psid_2360  ,37.0,8.0,0.0,0.0,1.0,1.0,"$24,098.98","$22,823.03","$23,145.63",see codebook
  psid_2361  ,28.0,11.0,0.0,0.0,1.0,1.0,"$24,098.98","$24,169.36","$35,465.44",see codebook
  PSID_2362 ,44.0,11.0,1.0,0.0,1.0,1.0,"$24,294.91","$35,806.45","$29,554.53",see codebook
  psid_2363  ,44.0,11.0,1.0,0.0,1.0,1.0,"$24,294.91","$35,806.45","$29,554.53",see codebook
  psid_2364  ,54.0,3.0,0.0,0.0,1.0,1.0,"$24,530.02","$19,514.52","$30,549.04",see codebook
  PSID_2365 ,52.0,9.0,0.0,0.0,1.0,1.0,"$24,627.98","$25,064.52","$19,210.45",see codebook
  psid_2366  ,35.0,9.0,1.0,0.0,1.0,1.0,"$24,686.76","$16,829.03","$20,392.63",see codebook
  psid_2367  ,32.0,10.0,0.0,0.0,1.0,1.0,"$24,686.76","$27,033.87","$22,904.76",see codebook
  PSID_2368 ,47.0,7.0,0.0,0.0,1.0,1.0,"$24,784.72","$23,811.29","$25,860.21",see codebook
  psid_2369  ,30.0,11.0,0.0,0.0,1.0,1.0,"$24,882.69","$26,854.84","$33,248.85",see codebook
  psid_2370  ,49.0,6.0,0.0,0.0,1.0,1.0,"$25,274.54","$21,841.94","$29,111.21",see codebook
  PSID_2371 ,48.0,8.0,0.0,0.0,1.0,1.0,"$25,470.47",$0.00,"$13,299.54",see codebook
  psid_2372  ,32.0,9.0,0.0,0.0,1.0,1.0,"$25,470.47","$1,432.26","$24,803.64",see codebook
  psid_2373  ,44.0,6.0,0.0,0.0,1.0,1.0,"$25,470.47","$7,619.61","$11,821.81",see codebook
  PSID_2374 ,48.0,8.0,0.0,1.0,1.0,1.0,"$25,470.47","$16,112.90","$23,643.62",see codebook
  psid_2375  ,52.0,7.0,1.0,0.0,0.0,1.0,"$25,470.47","$17,903.23","$25,121.35",see codebook
  psid_2376  ,49.0,11.0,0.0,0.0,1.0,1.0,"$25,470.47","$19,693.55",$481.74,see codebook
  PSID_2377 ,38.0,9.0,0.0,0.0,1.0,1.0,"$25,470.47","$21,483.87","$47,287.25",see codebook
  psid_2378  ,46.0,8.0,1.0,0.0,1.0,1.0,"$25,470.47","$21,483.87","$11,390.32",see codebook
  psid_2379  ,40.0,8.0,0.0,0.0,1.0,1.0,"$25,470.47","$21,483.87","$16,254.99",see codebook
  PSID_2380 ,44.0,3.0,1.0,0.0,1.0,1.0,"$25,470.47","$21,483.87","$26,599.08",see codebook
  psid_2381  ,40.0,10.0,1.0,0.0,0.0,1.0,"$25,470.47","$23,274.19","$20,688.17",see codebook
  psid_2382  ,26.0,8.0,1.0,0.0,1.0,1.0,"$25,470.47","$23,274.19","$23,643.62",see codebook
  PSID_2383 ,49.0,11.0,0.0,0.0,1.0,1.0,"$25,470.47","$25,064.52","$25,121.35",see codebook
  psid_2384  ,51.0,11.0,0.0,0.0,1.0,1.0,"$25,470.47","$25,064.52","$26,599.08",see codebook
  psid_2385  ,44.0,8.0,0.0,0.0,1.0,1.0,"$25,470.47","$26,854.84","$25,860.21",see codebook
  PSID_2386 ,47.0,8.0,0.0,0.0,1.0,1.0,"$25,707.54","$25,064.52","$19,062.67",see codebook
  psid_2387  ,49.0,8.0,0.0,0.0,1.0,1.0,"$25,862.32","$22,916.13","$16,254.99",see codebook
  psid_2388  ,40.0,8.0,0.0,0.0,1.0,1.0,"$25,862.32","$26,138.71","$26,155.76",see codebook
  PSID_2389 ,48.0,10.0,0.0,0.0,0.0,1.0,"$26,058.25","$26,854.84","$33,043.45",see codebook
  psid_2390  ,35.0,9.0,1.0,0.0,1.0,1.0,"$26,134.66","$24,169.36","$26,599.08",see codebook
  psid_2391  ,44.0,6.0,0.0,1.0,1.0,1.0,"$26,450.10","$3,580.65",$0.00,see codebook
  PSID_2392 ,42.0,11.0,0.0,0.0,1.0,1.0,"$26,450.10","$22,379.03","$23,327.39",see codebook
  psid_2393  ,31.0,8.0,0.0,0.0,1.0,1.0,"$26,450.10","$32,225.81","$26,953.73",see codebook
  psid_2394  ,46.0,11.0,0.0,0.0,1.0,1.0,"$26,841.96","$29,361.29","$36,943.16",see codebook
  PSID_2395 ,51.0,10.0,1.0,0.0,1.0,1.0,"$27,037.88","$21,483.87","$26,894.62",see codebook
  psid_2396  ,50.0,8.0,0.0,0.0,0.0,1.0,"$27,084.90","$21,125.81","$26,599.08",see codebook
  psid_2397  ,46.0,11.0,0.0,0.0,1.0,1.0,"$27,429.73","$9,846.77","$16,993.86",see codebook
  PSID_2398 ,51.0,10.0,1.0,0.0,1.0,1.0,"$27,429.73","$25,064.52","$24,382.49",see codebook
  psid_2399  ,41.0,7.0,1.0,0.0,1.0,1.0,"$27,429.73","$26,708.03","$14,777.27",see codebook
  psid_2400  ,39.0,8.0,1.0,0.0,1.0,1.0,"$27,429.73","$26,854.84","$28,076.80",see codebook
  PSID_2401 ,48.0,10.0,1.0,0.0,1.0,1.0,"$27,429.73","$30,435.48","$29,554.53",see codebook
  psid_2402  ,48.0,10.0,1.0,0.0,1.0,1.0,"$27,429.73","$30,435.48","$29,554.53",see codebook
  psid_2403  ,50.0,10.0,0.0,0.0,1.0,1.0,"$27,429.73","$32,225.81","$33,987.71",see codebook
  PSID_2404 ,49.0,6.0,1.0,0.0,1.0,1.0,"$27,429.73","$34,016.13","$32,509.98",see codebook
  psid_2405  ,49.0,8.0,0.0,0.0,1.0,1.0,"$27,482.63","$25,064.52","$27,337.94",see codebook
  psid_2406  ,47.0,7.0,0.0,0.0,1.0,1.0,"$27,821.59","$27,929.03","$28,925.02",see codebook
  PSID_2407 ,42.0,9.0,0.0,0.0,1.0,1.0,"$28,017.52","$23,453.23","$26,377.42",see codebook
  psid_2408  ,42.0,9.0,0.0,0.0,1.0,1.0,"$28,017.52","$23,453.23","$26,377.42",see codebook
  psid_2409  ,45.0,10.0,0.0,0.0,1.0,1.0,"$28,017.52","$32,225.81","$36,943.16",see codebook
  PSID_2410 ,55.0,10.0,0.0,0.0,1.0,1.0,"$28,331.00","$28,602.19","$28,815.67",see codebook
  psid_2411  ,40.0,11.0,0.0,0.0,1.0,1.0,"$28,409.37","$12,532.26","$13,299.54",see codebook
  psid_2412  ,48.0,8.0,0.0,0.0,1.0,1.0,"$28,409.37","$26,317.74","$28,076.80",see codebook
  PSID_2413 ,36.0,10.0,0.0,1.0,1.0,1.0,"$28,409.37","$28,645.16","$39,159.75",see codebook
  psid_2414  ,46.0,9.0,1.0,0.0,1.0,1.0,"$28,605.29","$32,225.81","$41,376.34",see codebook
  psid_2415  ,46.0,10.0,0.0,0.0,1.0,1.0,"$28,765.96","$19,514.52","$25,676.98",see codebook
  PSID_2416 ,45.0,9.0,1.0,0.0,1.0,1.0,"$28,863.92","$26,854.84","$36,943.16",see codebook
  psid_2417  ,49.0,7.0,0.0,0.0,1.0,1.0,"$29,247.94","$20,767.74","$21,341.33",see codebook
  psid_2418  ,37.0,10.0,0.0,0.0,1.0,1.0,"$29,369.41","$27,750.00","$39,898.62",see codebook
  PSID_2419 ,48.0,9.0,0.0,0.0,1.0,1.0,"$29,389.00","$19,693.55","$23,052.54",see codebook
  psid_2420  ,37.0,11.0,1.0,0.0,1.0,1.0,"$29,389.00","$21,483.87","$13,063.10",see codebook
  psid_2421  ,28.0,10.0,0.0,0.0,1.0,1.0,"$29,389.00","$23,274.19","$22,904.76",see codebook
  PSID_2422 ,36.0,11.0,1.0,0.0,0.0,1.0,"$29,389.00","$25,982.95","$45,809.52",see codebook
  psid_2423  ,40.0,11.0,0.0,0.0,1.0,1.0,"$29,389.00","$26,407.26","$31,032.26",see codebook
  psid_2424  ,44.0,10.0,0.0,0.0,1.0,1.0,"$29,389.00","$26,854.84","$23,643.62",see codebook
  PSID_2425 ,47.0,10.0,1.0,0.0,1.0,1.0,"$29,389.00","$26,854.84",$0.00,see codebook
  psid_2426  ,47.0,10.0,1.0,0.0,1.0,1.0,"$29,389.00","$26,854.84",$0.00,see codebook
  psid_2427  ,30.0,11.0,0.0,1.0,1.0,1.0,"$29,389.00","$26,854.84","$36,943.16",see codebook
  PSID_2428 ,33.0,10.0,0.0,0.0,1.0,1.0,"$29,389.00","$28,645.16","$36,499.85",see codebook
  psid_2429  ,48.0,9.0,0.0,0.0,1.0,1.0,"$29,389.00","$32,225.81","$31,032.26",see codebook
  psid_2430  ,19.0,11.0,1.0,0.0,0.0,1.0,"$29,726.00","$8,806.60","$9,457.45",see codebook
  PSID_2431 ,38.0,9.0,0.0,0.0,1.0,1.0,"$29,976.78","$25,064.52","$47,287.25",see codebook
  psid_2432  ,42.0,9.0,0.0,0.0,0.0,1.0,"$30,368.63","$19,693.55","$35,465.44",see codebook
  psid_2433  ,32.0,10.0,1.0,0.0,1.0,1.0,"$30,930.95","$35,806.45","$38,125.35",see codebook
  PSID_2434 ,55.0,11.0,0.0,0.0,1.0,1.0,"$31,048.50","$31,053.14","$28,076.80",see codebook
  psid_2435  ,37.0,11.0,0.0,0.0,1.0,1.0,"$31,250.30","$26,854.84","$36,943.16",see codebook
  psid_2436  ,21.0,10.0,0.0,0.0,1.0,1.0,"$31,348.27","$10,741.93","$44,331.80",see codebook
  PSID_2437 ,51.0,11.0,1.0,0.0,1.0,1.0,"$31,348.27","$21,483.87","$26,007.99",see codebook
  psid_2438  ,42.0,6.0,1.0,0.0,1.0,1.0,"$31,348.27","$28,645.16","$20,688.17",see codebook
  psid_2439  ,42.0,5.0,1.0,0.0,1.0,1.0,"$31,348.27","$32,225.81","$23,643.62",see codebook
  PSID_2440 ,52.0,11.0,0.0,0.0,1.0,1.0,"$31,348.27","$33,120.97","$28,076.80",see codebook
  psid_2441  ,45.0,5.0,0.0,0.0,1.0,1.0,"$31,348.27","$37,596.77","$31,477.05",see codebook
  psid_2442  ,49.0,8.0,0.0,0.0,1.0,1.0,"$31,348.27","$37,596.77","$38,420.89",see codebook
  PSID_2443 ,48.0,8.0,0.0,0.0,1.0,1.0,"$31,510.89","$35,795.71","$28,076.80",see codebook
  psid_2444  ,48.0,8.0,0.0,0.0,1.0,1.0,"$31,510.89","$35,795.71","$28,076.80",see codebook
  psid_2445  ,55.0,7.0,1.0,0.0,1.0,1.0,"$32,504.24","$26,854.84","$31,918.89",see codebook
  PSID_2446 ,55.0,7.0,1.0,0.0,1.0,1.0,"$32,504.24","$26,854.84","$31,918.89",see codebook
  psid_2447  ,47.0,11.0,0.0,0.0,1.0,1.0,"$32,719.76","$30,435.48","$36,943.16",see codebook
  psid_2448  ,51.0,8.0,0.0,0.0,1.0,1.0,"$33,111.61","$27,750.00","$32,362.21",see codebook
  PSID_2449 ,54.0,11.0,0.0,0.0,1.0,1.0,"$33,158.63","$32,225.81","$36,943.16",see codebook
  psid_2450  ,42.0,9.0,0.0,0.0,1.0,1.0,"$33,221.33","$32,225.81","$33,987.71",see codebook
  psid_2451  ,42.0,9.0,0.0,0.0,1.0,1.0,"$33,221.33","$32,225.81","$33,987.71",see codebook
  PSID_2452 ,51.0,8.0,1.0,0.0,1.0,1.0,"$33,299.70","$25,064.52","$25,121.35",see codebook
  psid_2453  ,55.0,2.0,1.0,0.0,1.0,1.0,"$33,307.54","$20,946.77","$28,076.80",see codebook
  psid_2454  ,32.0,10.0,0.0,0.0,1.0,1.0,"$33,307.54","$25,064.52","$29,554.53",see codebook
  PSID_2455 ,38.0,8.0,0.0,0.0,1.0,1.0,"$33,307.54","$35,448.39","$33,987.71",see codebook
  psid_2456  ,42.0,11.0,0.0,0.0,1.0,1.0,"$33,307.54","$44,758.07","$54,675.88",see codebook
  psid_2457  ,49.0,8.0,0.0,0.0,1.0,1.0,"$33,699.39","$28,645.16","$2,955.45",see codebook
  PSID_2458 ,35.0,7.0,0.0,0.0,1.0,1.0,"$34,091.24","$28,287.10","$25,121.35",see codebook
  psid_2459  ,46.0,11.0,0.0,0.0,1.0,1.0,"$34,287.17","$30,077.42","$39,898.62",see codebook
  psid_2460  ,46.0,11.0,0.0,0.0,1.0,1.0,"$34,287.17","$30,077.42","$39,898.62",see codebook
  PSID_2461 ,31.0,11.0,0.0,0.0,1.0,1.0,"$34,483.10","$35,806.45","$36,943.16",see codebook
  psid_2462  ,52.0,10.0,0.0,0.0,1.0,1.0,"$35,266.80","$17,187.10","$39,159.75",see codebook
  psid_2463  ,51.0,8.0,1.0,0.0,1.0,1.0,"$35,266.80","$25,064.52","$1,182.18",see codebook
  PSID_2464 ,51.0,9.0,0.0,0.0,0.0,1.0,"$35,266.80","$32,225.81","$39,898.62",see codebook
  psid_2465  ,52.0,8.0,1.0,0.0,1.0,1.0,"$35,266.80","$33,120.97","$44,147.08",see codebook
  psid_2466  ,49.0,6.0,0.0,0.0,1.0,1.0,"$35,266.80","$33,120.97","$26,894.62",see codebook
  PSID_2467 ,48.0,10.0,0.0,0.0,1.0,1.0,"$35,266.80","$34,911.29","$38,568.66",see codebook
  psid_2468  ,31.0,10.0,0.0,0.0,1.0,1.0,"$35,266.80","$35,806.45","$44,331.80",see codebook
  psid_2469  ,42.0,11.0,0.0,0.0,1.0,1.0,"$35,266.80","$44,758.07","$38,420.89",see codebook
  PSID_2470 ,50.0,11.0,0.0,0.0,1.0,1.0,"$36,205.29","$38,563.55","$31,032.26",see codebook
  psid_2471  ,50.0,11.0,0.0,0.0,1.0,1.0,"$36,205.29","$38,563.55","$31,032.26",see codebook
  psid_2472  ,37.0,10.0,0.0,0.0,1.0,1.0,"$36,246.44","$17,545.16","$17,732.72",see codebook
  PSID_2473 ,37.0,10.0,0.0,0.0,1.0,1.0,"$36,246.44","$17,545.16","$17,732.72",see codebook
  psid_2474  ,55.0,11.0,0.0,0.0,1.0,1.0,"$36,638.29","$37,417.74","$32,177.50",see codebook
  psid_2475  ,50.0,11.0,0.0,0.0,1.0,1.0,"$36,677.48","$46,548.39","$47,287.25",see codebook
  PSID_2476 ,41.0,8.0,1.0,0.0,1.0,1.0,"$36,691.19","$32,888.23","$42,262.98",see codebook
  psid_2477  ,49.0,8.0,0.0,0.0,1.0,1.0,"$37,226.07","$14,322.58","$23,643.62",see codebook
  psid_2478  ,48.0,8.0,1.0,0.0,1.0,1.0,"$37,226.07","$26,854.84","$30,569.73",see codebook
  PSID_2479 ,48.0,8.0,1.0,0.0,1.0,1.0,"$37,226.07","$26,854.84","$30,569.73",see codebook
  psid_2480  ,48.0,6.0,0.0,1.0,1.0,1.0,"$38,670.05","$42,967.74","$36,943.16",see codebook
  psid_2481  ,48.0,6.0,0.0,1.0,1.0,1.0,"$38,670.05","$42,967.74","$36,943.16",see codebook
  PSID_2482 ,46.0,11.0,0.0,0.0,1.0,1.0,"$39,185.34","$39,387.10","$35,465.44",see codebook
  psid_2483  ,29.0,10.0,0.0,0.0,1.0,1.0,"$41,144.60","$8,951.61","$31,032.26",see codebook
  psid_2484  ,55.0,8.0,0.0,0.0,1.0,1.0,"$43,025.50","$37,972.74","$51,580.05",see codebook
  PSID_2485 ,32.0,10.0,0.0,0.0,1.0,1.0,"$43,103.87","$39,387.10","$36,943.16",see codebook
  psid_2486  ,47.0,8.0,0.0,0.0,1.0,1.0,"$44,667.36","$33,837.10","$38,568.66",see codebook
  psid_2487  ,32.0,8.0,0.0,0.0,1.0,1.0,"$47,022.40","$67,137.09","$59,109.06",see codebook
  PSID_2488 ,47.0,10.0,0.0,0.0,1.0,1.0,"$48,197.96","$47,968.11","$55,710.29",see codebook
  psid_2489  ,54.0,0.0,0.0,1.0,1.0,1.0,"$49,228.54","$44,220.97","$20,540.40",see codebook
  psid_2490  ,40.0,8.0,0.0,0.0,1.0,1.0,"$50,940.94","$55,500.00","$53,198.16",see codebook
  psid_0011  ,23.0,12.0,1.0,0.0,0.0,0.0,$0.00,$0.00,"$4,728.73",see codebook
  psid_0201  ,20.0,12.0,0.0,0.0,0.0,0.0,"$4,811.96",$716.13,$0.00,see codebook
  PSID_0901 ,26.0,12.0,0.0,0.0,1.0,0.0,"$21,160.08","$24,169.36","$21,279.26",see codebook
